,S0,S1,S2,S3,S4,S5,S6,S7,S8,S9,S10,S11,S12,S13,S14,S15,S16,S17,S18,S19,S20,S21,S22,S23,S24,S25,S26,S27,S28,S29,S30,S31,S32,S33,S34,S35,S36,S37,S38,S39,S40,S41,S42,S43,S44,S45,S46,S47,S48,S49,S50,S51,S52,S53,S54,S55,S56,S57,S58,S59,S60,S61,S62,S63,S64,S65,S66,S67,S68,S69,S70,S71,S72,S73,S74,S75,S76,S77,S78,S79,S80,S81,S82,S83,S84,S85,S86,S87,S88,S89,S90,S91,S92,S93,S94,S95,S96,S97,S98,S99,S100,S101,S102,S103,S104,S105,S106,S107,S108,S109,S110,S111,S112,S113,S114,S115,S116,S117,S118,S119,S120,S121,S122,S123,S124,S125,S126,S127,S128,S129,S130,S131,S132,S133,S134,S135,S136,S137,S138,S139,S140,S141,S142,S143,S144,S145,S146,S147,S148,S149
B_334,19,5,373,9,16,11,4,800,98,191,42,39,71,15,14,4,124,53,81,12,9,8,10,6,1,3169,21,24,56,18,13,13,508,29,87,5,87,551,26,160,7,67,34,135,145,30,71,95,36,154,27,289,7,50,5,140,190,1,6,123,13,78,257,13,0,29,227,28,50,183,395,23,54,21,51,27,61,47,62,91,495,15,202,44,31,32,7,18,50,123,222,9,18,93,151,358,11,38,7,34,13,29,5,151,28,54,63,233,12,96,46,70,153,22,77,7,104,1425,727,34,1,45,42,20,22,27,7,30,22,295,90,8,26,560,407,119,46,50,88,1309,470,35,11,25,34,30,2,12,106,119
B_335,165,118,162,136,157,92,126,163,61,366,154,202,333,196,144,284,144,240,51,213,64,155,166,67,131,177,268,143,132,147,128,167,158,414,91,73,222,307,172,284,123,132,97,125,133,121,289,145,164,164,167,134,390,231,105,199,192,186,239,279,312,184,288,222,162,109,187,200,126,141,266,184,403,182,349,71,138,262,177,480,378,169,104,260,231,49,124,347,117,293,195,421,139,178,319,199,208,238,271,204,119,59,356,350,147,58,236,86,129,230,322,81,279,128,184,153,229,188,319,115,226,264,166,208,207,330,284,38,132,96,145,82,368,180,249,315,212,222,181,281,262,323,320,242,184,275,230,89,357,245
B_336,468,291,209,92,102,48,470,253,20,237,66,28,85,19,125,19,361,501,39,105,16,66,89,107,64,89,65,113,46,48,78,35,77,374,71,46,58,45,118,192,69,50,68,127,35,18,259,58,83,211,119,48,54,191,106,24,81,57,176,43,43,189,113,71,144,271,125,40,16,17,188,117,206,37,118,94,15,42,11,72,66,61,21,59,87,13,153,106,82,102,112,93,23,75,48,130,93,62,17,25,54,30,67,310,201,25,134,27,30,249,88,49,182,32,70,25,67,62,40,263,143,43,108,88,51,81,69,24,11,30,31,33,151,77,58,53,103,41,33,12,81,79,227,186,577,607,95,73,457,155
B_337,13,14,34,5,14,30,3,7,7,114,16,14,233,9,61,31,42,8,45,22,9,14,12,89,7,112,25,189,87,10,9,60,146,72,9,19,38,25,6,48,65,13,2,47,110,29,5,14,14,60,14,5,5,22,23,38,10,20,92,2,4,12,173,8,78,10,115,17,97,24,53,15,283,36,38,14,11,37,35,6,14,35,50,4,34,0,163,124,13,4,185,45,28,95,95,20,34,20,74,13,5,56,28,9,113,2,30,77,47,20,141,23,57,27,11,6,33,8,13,5,475,28,11,22,120,24,42,20,438,23,12,48,30,5,13,63,6,22,55,11,58,11,1,45,18,48,162,3,69,17
B_338,64,349,13,10,22,19,11,89,12,54,25,6,18,18,67,17,67,53,25,33,17,14,250,22,29,47,99,67,42,56,134,46,58,47,15,20,31,28,6,56,12,178,162,23,25,60,22,143,55,34,231,49,36,15,12,14,10,15,17,11,123,70,49,8,14,9,22,4,71,40,19,47,192,100,19,7,23,13,62,240,136,39,4,61,59,45,17,33,32,60,40,124,18,13,23,7,80,146,17,25,54,24,35,71,40,37,8,32,55,18,71,8,31,64,20,63,91,82,69,8,47,16,29,32,21,123,31,43,45,35,59,8,9,33,42,56,44,36,27,78,166,36,78,292,28,87,52,6,19,103
B_339,25,17,47,89,7,27,12,20,18,36,37,66,11,80,46,137,203,27,8,15,6,51,155,11,224,81,24,85,66,30,72,136,95,111,8,120,100,37,18,296,61,20,31,10,159,18,38,32,2,80,79,5,57,14,36,65,90,61,29,17,289,20,40,64,13,27,110,113,41,38,189,13,13,94,54,17,57,73,17,88,20,98,46,99,86,3,26,61,26,10,20,93,48,23,103,29,96,41,14,75,45,148,53,59,27,32,4,24,46,19,193,107,58,19,52,33,33,178,43,8,56,17,14,197,79,97,88,7,13,18,23,17,49,28,107,23,36,58,123,70,60,10,69,36,35,51,37,20,47,44
B_340,509,15,593,224,255,51,459,1993,18,493,2382,2428,2485,194,442,5856,2001,475,3,63,348,725,934,4014,182,1103,27,1156,5677,349,8320,1180,1126,957,438,217,208,20,590,197,220,3,851,1129,225,410,273,516,1411,10917,1699,185,1074,7578,9610,249,4406,87,789,778,350,698,81,1711,31,726,2745,252,301,1152,3986,51,1041,589,27,972,267,397,1030,3263,556,25,1016,873,8,16,636,60,16,1868,351,2723,580,2280,13892,178,1382,211,830,604,224,6574,648,1450,1518,2,153,802,183,147,3488,395,45,161,1405,52,109,184,167,70,74,91,281,3727,317,3162,2722,90,631,39,6323,2539,212,1089,218,211,25041,154,316,1338,407,44,309,95,100,3865,316,1481,1254,49
B_341,122,141,436,21,156,14,1605,3574,94,153,217,160,1794,101,402,850,366,44,21,1502,180,155,902,152,108,495,1069,335,202,62,218,1124,127,390,61,86,88,2463,54,136,231,2080,373,430,295,126,705,246,1470,332,1046,436,910,1252,31,44,249,20,581,831,207,345,101,580,1126,2068,536,20,397,463,173,303,170,307,510,127,34,57,1879,1513,599,19,114,845,280,36,1069,188,145,1200,1574,163,221,125,104,150,384,810,299,24,192,3,102,349,503,59,111,3541,255,306,184,129,198,707,1356,240,413,63,728,384,28,259,1172,280,276,26,1876,32,152,32,1078,100,87,11,661,1691,817,57,269,360,892,43,123,58,2929,242,298,8,22,274
B_342,378,1418,364,297,529,233,416,1253,87481,6194,3270,3559,197,161,1112,861,666,4129,304,742,231,70,659,397,139,17637,438,2838,703,2443,4535,917,712,4338,37845,51608,408,131,2853,2609,9312,1525,4661,108,493,956,3084,13351,4967,4115,386,326,3092,258,4894,369,131,1921,5211,3890,483,2766,2835,1276,2759,1480,32,873,9015,3861,55,172,287,5830,2335,8182,238,154,490,8687,970,43,237,6169,5692,5874,174,273,288,2491,298,449,14027,103,454,705,6221,1060,2722,1783,19,220,4194,5005,8063,835,2323,918,33,6671,6975,177,887,27775,693,3237,4492,4386,3747,398,154,13500,479,4200,827,308,175,2739,321,47221,9673,758,6812,107,643,27,351,14195,81,394,1107,603,2017,4362,2863,4090,501,917,2140,4082
B_343,711,843,1315,124,953,356,267,787,198,197,208,1001,52,477,155,227,5673,1217,66,190,1363,412,736,563,407,303,910,112,942,391,630,560,263,1765,160,311,718,135,56,786,2414,185,261,323,138,440,1717,432,274,456,211,1044,327,1032,130,771,467,358,1076,419,1164,319,559,308,326,186,535,202,585,619,649,1109,663,1943,688,164,96,2981,293,1257,279,246,395,590,831,86,355,1755,2781,1944,293,655,102,217,277,1707,500,3423,67,231,282,419,179,2206,248,27,292,1437,783,148,501,1055,313,585,757,787,119,114,238,78,217,417,154,862,2242,187,328,60,191,304,190,26,431,298,1981,74,213,211,339,174,162,26,65,407,1632,1240,574,437,140,899
B_344,113,36,46,32,24,28,42,36,17,35,31,34,32,20,33,99,127,76,43,68,24,117,46,31,49,153,63,19,146,47,27,65,181,57,22,10,61,70,20,25,111,68,46,84,60,83,79,26,44,14,144,29,19,101,35,104,16,21,66,16,163,29,29,48,13,34,85,35,21,18,27,45,138,49,135,32,20,17,83,145,96,68,21,33,238,10,14,29,9,78,54,375,21,47,35,70,30,64,19,69,35,8,44,45,109,44,17,42,12,37,168,25,95,34,18,61,53,26,105,127,28,92,99,49,36,16,25,11,266,10,41,25,56,225,56,33,50,56,17,89,79,25,64,127,28,87,28,18,105,76
B_345,18,23,77,4,140,4,28,67,2,51,26,5,23,26,31,11,26,56,22,90,4,6,26,25,15,63,9,52,20,20,153,133,38,74,29,21,129,2,58,31,168,33,62,25,62,11,149,30,7,58,64,18,39,204,7,83,51,84,89,173,23,19,44,91,31,74,92,14,32,186,45,62,78,157,78,35,9,24,54,137,122,21,13,218,23,28,14,127,89,11,72,37,23,23,18,85,58,24,28,147,16,16,27,83,254,7,30,14,65,30,109,17,114,69,54,5,3,71,284,67,65,96,80,101,63,23,65,16,33,9,62,3,26,16,53,27,33,25,80,41,43,34,383,10,7,56,28,11,34,61
B_346,163,475,87,51,163,11,32,137,27,44,136,267,41,131,132,124,131,59,62,147,82,149,170,54,107,153,84,127,75,74,248,122,151,147,68,43,100,83,53,74,76,118,171,146,190,48,179,21,151,106,119,127,116,219,155,127,24,87,120,46,216,291,32,120,116,151,220,37,73,270,287,470,224,269,210,86,68,144,52,496,69,53,87,309,68,20,30,178,64,90,89,131,95,45,46,151,95,157,92,119,49,115,154,171,141,212,42,90,115,107,161,64,118,196,135,154,106,57,94,72,158,185,41,39,168,178,112,175,96,56,107,25,65,153,151,326,82,234,61,102,230,87,156,158,225,185,110,16,97,249
B_347,892,274,628,151,29,109,181,406,162,266,291,1514,398,661,980,1413,237,676,118,254,141,340,186,173,179,572,596,439,48,170,115,1413,934,1285,46,66,1208,104,573,97,223,244,360,1253,371,74,396,81,123,681,299,648,469,436,88,313,133,703,595,196,378,211,90,371,958,411,439,833,202,209,486,75,1934,194,146,45,564,387,481,1014,735,178,258,901,81,34,150,1326,553,357,507,166,689,532,484,221,769,489,1453,1070,748,471,195,743,1513,140,93,179,645,3880,308,497,720,198,1911,101,184,797,319,412,2189,160,719,384,416,638,301,95,1374,208,732,207,131,1452,790,301,645,142,82,136,109,84,111,226,550,1211,653,267,757,1090
B_348,86,644,531,1226,459,332,1029,2014,358,402,863,2850,4420,1259,338,269,476,3301,253,2286,583,470,703,24081,872,743,2937,7589,1216,39,145,580,434,7733,134,259,5095,115,17029,152,27,138,371,117,210,390,161,3996,647,193,2846,755,230,590,126,1739,3846,6906,2897,44,633,50,819,17128,218,51,11752,367,65,65,1463,1908,3704,339,1563,153,558,167,4015,419,2715,384,736,356,831,36,108,3769,3384,4105,420,519,1963,11605,6800,2010,804,8124,30627,225,984,117,175,232,3236,2729,1130,2656,8410,466,2683,5676,434,80,1799,373,54,217,723,3915,869,1490,1668,32,1241,391,956,704,2321,99,1016,63,887,2478,388,6846,3646,3359,7650,3838,2101,376,179,112,2365,493,623,377,797,2227
B_349,334,27,152,19,180,49,330,725,35,99,37,16,268,69,71,50,299,46,3,218,17,57,68,17,119,325,60,100,42,16,53,197,339,52,23,11,669,88,23,393,38,84,195,17,49,89,258,125,109,59,69,9,26,183,32,73,79,37,562,57,147,645,66,93,224,167,35,61,19,32,237,46,255,135,190,4,60,191,173,83,154,63,34,173,476,72,14,394,19,92,305,56,49,181,66,59,96,39,305,78,22,53,33,117,135,16,481,178,34,134,69,626,9,21,526,13,41,191,38,25,57,43,582,184,32,52,42,35,80,32,79,27,163,85,71,145,55,20,424,141,113,70,203,69,372,110,50,24,16,392
B_350,96,3298,833,914,17,26115,231,971,106,1731,1597,83,4252,539,225,193,1167,5315,132,2610,8515,3449,107,336,282,5011,1935,1218,12136,31,103,2515,3862,4092,1718,86,659,1916,287,3921,180,945,6406,301,1186,1762,69,65,1533,391,1873,117,941,1450,2227,241,13070,4803,4611,6121,81,193,923,550,12414,65,153,4433,2111,116,416,842,1558,1786,1028,118,1758,90,1614,888,198,90,463,2050,466,19,43249,141,25,567,523,209,2454,15935,7645,226,1377,2197,459,1443,15760,494,652,768,643,37,103,3755,107,348,223,451,2013,440,9200,198,630,215,961,391,27469,2074,361,9959,5164,1426,672,897,113,3,727,939,2229,1964,183,16529,272,474,77,2451,323,451,1950,129,152,313,314,19620,24491,8183
B_351,474,594,870,160,133,12,215,1611,26,826,458,262,1438,302,690,282,1591,114,41,404,44,334,327,199,348,312,312,75,18,222,33,175,515,792,20,55,172,88,270,107,112,851,260,242,1090,31,108,228,163,343,64,243,80,114,148,138,166,123,138,901,312,148,83,134,106,400,110,43,144,255,1239,493,889,315,118,142,646,12,57,54,375,212,621,53,22,54,109,128,537,118,137,42,45,83,128,75,304,593,162,28,132,50,367,1237,141,60,96,246,81,126,2243,156,632,184,316,97,743,199,211,129,288,188,453,287,192,223,198,22,663,88,144,55,134,454,795,257,94,59,61,61,451,804,43,83,680,166,83,67,115,445
B_352,178,236,108,31,193,140,121,59,32,691,68,106,379,946,376,181,239,46,138,1018,3589,376,154,74,19,242,154,112,432,102,3740,1233,619,765,9,111,99,233,123,254,171,82,267,363,96,193,220,29,283,54,700,72,52,1526,116,177,29,583,190,167,78,491,124,571,56,85,90,153,195,635,144,309,650,17,506,29,269,290,129,525,306,64,592,323,425,52,154,578,261,141,68,194,227,1532,714,570,147,388,23,158,64,227,140,453,28,79,727,73,13,336,302,411,49,359,278,78,88,208,261,338,31,39,99,296,302,148,219,30,78,211,171,40,478,185,268,1673,132,281,2409,40,69,174,142,157,288,236,141,30,36,324
B_353,114,162,207,201,69,297,105,324,90,209,157,166,326,607,27,175,37,366,237,242,137,73,368,114,100,228,206,172,453,106,236,171,229,242,45,59,216,65,580,149,169,120,227,16,276,249,280,12,99,55,66,193,95,210,172,37,1163,165,380,96,60,301,243,56,131,649,1027,187,260,241,64,884,198,247,143,26,87,186,149,430,198,93,65,513,365,5,69,108,1195,293,580,479,32,90,231,550,256,1033,86,82,191,70,480,26,1004,44,149,384,60,94,251,151,76,202,187,745,78,110,134,478,74,263,724,78,109,415,141,134,92,56,52,93,329,387,85,110,114,423,117,112,566,151,220,367,84,103,157,61,76,508
B_354,141,503,3354,769,881,537,402,539,167,7091,2090,869,1869,270,695,773,3724,6706,64,6423,97,92,142,993,53,44,463,148,209,1697,16011,1291,1799,3912,111,220,5194,1239,2490,670,99,902,2386,4594,5693,224,503,10966,208,801,1675,700,3121,252,1808,13091,2289,571,521,668,1278,340,590,951,7823,4205,6802,478,281,5823,440,713,119,2036,326,156,2873,140,1350,1196,1307,936,32273,62,432,1153,333,240,337,4006,603,482,124,327,122,1150,577,272,77,473,1851,336,678,2800,1328,284,387,2454,659,1037,302,1337,241,7562,1454,1743,155,269,253,599,442,20843,128,7254,195,2130,367,56,3107,158,520,1766,105,373,169,866,66,2562,334,4750,1595,883,1750,967,4476,1716,4071,105,2570,344
B_355,136,15,23,3,15,23,2,4,10,1713,13,22,314,27,15,210,37,26,18,32,10,13,16,51,0,2,15,7,48,16,80,167,21,52,24,27,105,62,137,517,270,5,166,7,22,89,50,8,67,50,89,161,186,7,40,701,3,4,13,5,13,389,13,23,10,13,2,75,2278,33,11,1,82,72,14,15,13,8,1,5,343,219,5,234,12,132,11,39,43,1099,99,597,356,28,170,248,414,34,19,1,61,3,61,386,49,1,46,58,50,95,5,3,23,8,48,18,20,13,262,29,0,2,88,30,35,33,322,147,13,79,26,3,16,46,3,6,6,1,111,24,29,111,447,8,31,971,3,5,69,21
B_356,369,45,366,369,2259,395,57,1120,37,95,714,914,1379,309,494,2588,2592,416,175,2431,119,4212,1146,26,1369,274,2100,460,349,264,289,852,818,185,286,187,280,4532,1043,5206,33,34,2334,1213,539,74,1362,7793,1834,568,717,1378,645,1849,226,560,783,431,1897,979,2091,240,998,400,227,1834,1437,499,1064,1895,212,183,1283,1767,6660,65,839,129,146,8215,1521,135,8429,557,803,75,23,230,90,88,1640,1671,452,613,50,49,5348,404,2224,572,818,58,208,1229,291,38,153,49,311,398,269,10369,646,558,1628,354,234,211,2830,2757,215,704,990,138,3106,104,1683,511,376,17,114,91,21,2195,4824,179,10,57,336,87,912,4120,234,891,6212,2332,1248,308,161,570
B_357,346,455,289,276,188,133,170,204,34,426,432,154,341,204,366,264,253,534,369,217,194,108,300,234,57,181,81,294,113,248,183,466,310,252,164,91,287,176,74,468,320,266,295,217,414,248,204,202,215,212,255,306,93,447,106,269,345,145,197,203,241,274,319,435,116,97,151,180,270,118,309,431,358,178,166,170,122,257,241,470,437,157,165,231,231,33,435,334,264,302,131,388,233,446,143,158,547,306,125,351,528,218,358,575,324,68,221,349,41,543,193,145,558,144,269,207,357,285,241,80,164,342,200,187,250,182,478,121,644,174,121,79,268,285,197,141,118,102,201,215,215,299,308,186,427,413,174,208,135,210
B_358,401,238,383,192,269,187,322,705,189,400,332,309,216,289,253,310,564,288,187,299,165,202,287,235,405,737,345,551,306,217,278,374,341,629,149,148,654,244,134,322,337,355,201,289,378,309,468,307,221,220,233,250,369,368,361,420,281,211,366,235,297,526,321,444,593,224,174,210,337,407,1279,325,611,356,377,118,191,328,637,727,415,222,127,426,276,58,138,550,336,777,139,547,182,345,233,531,746,294,308,417,332,118,362,281,341,121,208,402,307,418,674,300,784,195,173,266,252,386,447,363,307,475,430,322,306,760,431,108,643,144,250,136,360,571,252,537,430,184,202,283,238,330,792,251,642,436,245,173,275,427
B_359,123,71,90,129,88,17,19,129,33,158,118,43,128,76,95,86,268,104,60,94,57,76,79,97,204,75,85,158,100,30,72,97,96,100,70,68,122,53,74,200,43,183,56,31,238,55,249,66,81,91,86,45,97,121,79,78,127,78,136,59,111,135,45,119,78,54,81,103,78,85,238,75,264,52,71,72,82,39,57,84,156,74,85,109,163,12,76,170,75,188,94,130,78,102,49,85,126,184,92,224,62,44,212,154,121,34,59,59,64,193,313,102,275,72,68,102,87,157,216,48,62,60,84,105,161,105,121,31,93,59,61,47,112,131,137,137,105,50,126,75,157,60,62,119,185,109,93,19,98,80
B_360,1078,3056,265,5088,1292,427,781,193,125,2854,140,693,20330,37,318,4449,21,114,448,323,205,311,10,44,829,357,1230,989,1203,339,0,1329,1898,3013,124,528,2230,62,36,4450,59,18185,1591,1733,792,49693,967,4702,50,1886,1448,12,1470,2633,2853,1063,109,408,222,465,7659,1307,1857,804,11524,1683,1520,216,66,12291,35,829,963,122,475,674,11,31301,6824,2,1023,274,1025,593,243,0,484,973,259,383,466,14,12275,1597,215,324,29,2432,11,58,827,861,7537,1766,99,171,1399,1061,64,1487,153,619,503,88,14,213,210,202,1621,130,1155,708,43,978,287,191,891,464,262,63,158,100,39,7,812,54,123,12,13397,802,896,862,332,668,162,208,9,111,4748,405
B_361,0,29,25,437,2,24,14,278,6,3550,61,129,133,217,434,232,44,111,8,100,59,76,484,73,1251,222,389,7,27,1,168,189,110,5,16,72,54,15,62,97,6,107,69,23,106,965,31,521,103,334,37,13,84,2735,3,141,53,3,58,60,743,51,6,50,363,42,45,4187,22,9,183,49,42,2595,323,58,197,59,833,2719,719,13571,180,20,77,16,34,9,21,305,1,977,64,18,3711,785,433,21,341,320,7,69,11684,81,193,26,56,86,458,351,263,15,649,219,1,221,93,43,85,12,11,3,455,18,143,31,1859,29,82,0,692,8637,37,105,461,470,11,1,308,8,66,113,138,15,723,1977,89,18,149,633
B_362,4629,269,352,134,74,1634,1154,947,158,390,2147,2785,242,1480,611,3491,271,112,53,4223,47,272,1382,307,104,2472,1014,1366,746,690,189,484,748,73,243,532,98,762,1128,668,121,981,443,3573,1001,454,851,1071,284,870,56,17758,1104,162,2652,2637,220,732,2606,424,229,553,512,3033,155,115,2655,876,1698,75,261,271,295,941,789,71,265,537,55,1323,245,436,959,2702,16,35,212,5581,397,5771,1520,4003,53,1582,871,865,1320,294,69,583,274,66,104,152,874,2458,383,1650,729,838,105,385,87,418,143,852,1901,210,2452,140,1251,4172,944,3972,446,392,534,389,125,786,34,4776,273,32,2929,73,42,2228,136,1247,1239,3138,608,242,536,59,137,433,497,1524
B_363,498,1431,915,756,796,96,700,2419,168,1751,1068,435,854,1257,2546,2077,694,331,549,1150,422,676,1257,1464,1159,779,1411,950,1036,354,395,579,449,706,767,1450,1052,569,1417,354,323,1088,1680,1126,489,773,1507,721,2704,1048,951,204,734,688,339,1898,328,290,2234,653,826,1263,1479,978,432,648,442,419,947,1247,889,1198,3583,1249,1886,208,789,1104,1139,1763,690,528,709,1200,932,381,282,1919,1152,1090,1531,1724,1018,713,694,1329,3048,1249,722,887,1003,276,1452,1813,1855,352,554,332,877,730,3007,955,753,342,468,850,395,766,958,904,387,376,487,340,739,921,1962,492,449,548,635,357,726,354,1002,902,544,870,302,530,782,958,257,1628,1354,852,1600,283,914,1155
B_364,1476,2571,323,2547,6750,193,552,279,142,608,547,426,693,2307,925,1038,211,5119,217,538,6627,1481,541,840,2210,1016,722,1668,2295,303,1295,620,4754,671,207,357,1306,6585,519,1586,11828,2439,1963,1122,3611,370,573,314,2446,20253,1859,402,708,126,383,812,1597,44,594,328,2609,281,269,5032,384,441,661,1559,8798,543,1762,293,146,613,1874,245,693,3523,1038,199,4675,320,3157,278,209,332,6905,1606,201,3047,389,1056,25590,1119,972,613,1002,4148,726,1285,2387,360,1081,913,7842,348,1797,250,784,370,961,467,541,265,8913,1504,333,412,1285,459,110,901,2290,1582,4207,1460,828,47,723,584,425,629,1933,1101,209,1658,1490,127,301,3088,398,625,1009,467,652,308,2375,324,6405,1075
B_365,467,473,276,390,94,22,80,747,23,113,108,169,137,179,115,75,84,39,58,167,197,13,221,148,154,334,76,46,205,147,215,443,254,126,153,136,43,177,120,194,89,137,28,151,232,117,863,202,94,169,227,158,151,186,115,165,110,50,270,330,95,132,95,79,55,155,161,100,136,116,107,180,338,88,311,46,83,66,46,314,127,99,196,143,92,65,175,284,105,127,196,582,99,93,108,215,161,81,119,230,69,54,60,281,288,106,62,287,97,307,204,298,547,570,135,143,259,81,178,65,164,93,120,176,744,139,307,14,213,169,51,57,157,344,157,42,77,57,48,88,178,136,236,111,166,204,168,44,632,295
B_366,51,71,141,29,31,48,40,73,16,64,80,41,98,52,69,61,61,46,50,51,29,50,58,76,86,65,84,98,31,48,67,74,57,70,22,40,76,47,42,98,46,40,78,136,48,87,143,57,105,102,77,37,114,61,52,36,59,56,101,26,72,77,39,62,66,27,54,43,57,77,88,125,67,62,51,32,53,105,68,71,69,66,59,42,89,8,62,77,43,111,59,108,36,124,76,45,83,81,30,60,30,54,53,59,55,26,76,43,40,80,71,50,125,19,21,49,39,40,93,84,39,80,92,42,117,130,125,34,101,34,62,41,77,68,26,113,42,92,72,60,64,83,65,71,53,63,86,55,37,50
B_367,38,26,93,35,27,12,57,63,5,53,21,13,62,49,41,36,61,46,9,67,38,23,10,23,20,57,16,42,48,26,26,79,55,120,14,22,27,47,18,36,15,27,42,26,33,48,58,30,45,23,78,32,113,44,29,24,27,15,111,17,64,34,30,42,26,39,46,29,39,35,77,76,33,15,39,16,13,26,15,87,51,30,42,17,46,9,22,97,20,90,24,33,31,39,36,84,64,86,31,60,13,54,28,81,67,17,32,36,31,52,62,40,87,40,32,22,63,37,38,31,29,35,26,50,49,17,39,22,69,18,81,18,40,27,51,79,38,24,13,41,43,39,39,25,20,76,55,34,44,41
B_368,12,198,48,237,91,38,59,81,80,518,439,28,151,129,38,741,63,108,153,83,551,259,54,361,51,230,201,198,120,38,168,1212,103,4,109,102,1260,561,57,43,205,167,615,37,87,179,243,29,26,160,73,201,92,1855,13,130,134,29,169,12,30,254,61,61,237,802,33,900,1220,59,160,502,412,20,101,35,102,60,101,80,390,270,742,71,689,19,69,164,606,402,197,158,88,415,2261,1023,567,39,406,258,25,49,414,106,244,89,103,103,121,172,30,78,355,164,453,396,56,125,54,446,252,14,94,609,67,60,647,174,286,328,25,68,1579,518,38,651,47,147,53,31,73,113,121,438,278,287,231,9,73,104
B_369,629,1614,381,2202,162,170,934,1834,59,386,402,386,259,261,254,768,1750,584,496,319,189,979,2762,712,745,131,591,221,87,467,925,203,76,2400,230,689,370,1122,111,575,174,1551,1279,233,778,343,237,171,40,318,228,217,740,4326,670,1218,11105,1265,1013,83,1035,263,1130,400,4996,356,1287,189,363,1250,512,3209,474,416,1070,52,3238,185,251,675,293,3079,163,134,668,143,601,3097,2319,413,1460,596,102,2431,2417,1048,1017,2095,375,1317,148,234,983,967,613,207,1704,281,1076,702,281,363,1597,153,319,924,96,441,150,356,108,445,877,350,168,221,390,749,526,426,836,405,221,7351,225,1881,96,748,217,512,302,2015,296,599,1801,1701,1209,1127,817,337
B_370,199,206,119,421,76,16,1,63,11,56,203,603,51,306,66,173,235,21,25,65,6,10665,15,26,445,26,11,48,160,14,103,15,1744,31,26,6,54,64,2,9,94,12,99,119,235,81,153,183,111,3,197,125,1264,31,5,44,5,349,91,101,91,104,8,158,322,254,80,129,90,70,39,115,26,17,78,25,52,2,11,207,173,2,3,220,69,427,26,13,54,383,40,98,59,29,16,58,68,117,32,352,1370,39,29,1,3693,12,14,711,8,57,53,26,201,139,73,97,27,34,85,150,81,147,180,68,62,69,5,5,18,81,17,3,94,46,33,3768,224,3706,562,1654,146,93,11,47,940,111,16,10,101,4
B_371,21,42,50,25,11,21,7,28,8,54,26,21,15,4,17,38,43,10,6,16,12,11,19,12,15,27,46,14,22,30,20,23,39,49,12,20,20,40,29,16,6,33,50,30,50,19,26,17,13,8,17,31,12,50,13,38,16,11,13,18,18,33,12,33,19,13,20,13,18,10,29,34,34,21,38,5,7,13,30,24,58,17,8,14,34,7,24,20,25,40,14,33,26,39,25,40,46,14,45,12,17,8,23,19,12,9,25,16,6,18,33,36,20,12,20,16,10,48,27,31,7,38,17,30,14,16,32,7,16,16,32,8,20,19,26,30,27,11,5,32,19,20,44,22,25,60,10,10,24,34
B_372,29,7,917,81,204,398,40,273,169,188,95,110,58,53,223,342,422,58,15,142,26,259,94,10,608,1810,24,35,3,10,269,27,17,312,353,19,13,10,37,95,46,9,190,107,156,68,58,805,79,198,25,35,2,121,266,1886,28,35,39,7,153,1131,1464,98,21,12,75,2,1528,126,229,23,16,104,65,1,165,2,16,140,1,121,66,34,9,3,18,262,672,50,40,48,10,11,28,373,92,615,9,32,40,15,120,283,0,98,204,8,98,28,82,439,589,878,8,335,50,113,503,37,33,70,93,1693,107,7,128,563,256,25,144,74,109,329,37,389,76,0,260,202,14,9,171,1311,39,350,26,508,279,72
B_373,1319,797,37,97,194,197,309,9447,139,325,2513,264,331,41,162,954,276,46,582,1794,567,263,757,1903,688,520,245,3904,159,209,67,2139,2320,1034,355,298,538,1211,633,478,33,314,318,1955,1572,267,2247,64,109,72,143,56,756,42,996,789,179,971,3257,859,187,633,2127,1567,177,67,399,636,461,95,8088,905,781,848,376,84,1419,107,673,173,99,16,130,194,1156,30,651,1943,513,505,766,3621,828,666,76,3630,1109,512,171,677,322,192,417,816,54,90,381,429,216,164,1196,552,645,66,2889,2422,207,2583,929,2466,250,664,1921,398,1276,186,120,87,913,238,418,259,319,515,555,869,4162,53,299,174,1802,978,677,698,1345,185,579,76,1891,882
B_374,1547,1621,927,938,481,826,1846,3083,57,1869,2308,1970,1016,1092,2506,1289,5260,3264,956,301,801,7716,1521,681,2636,3781,2292,1676,779,1411,843,768,2970,936,608,175,762,1352,388,1233,522,809,2361,449,446,1170,1534,614,887,653,1591,314,2831,1379,2423,899,1798,220,595,1510,1024,3246,984,385,2577,422,4161,1092,1134,677,1821,1839,1387,637,977,1181,2987,284,1449,634,1374,729,568,1781,1166,413,194,1357,1292,1403,798,2729,1017,1558,1123,5916,1118,499,447,1231,436,748,1814,1115,1682,1047,3130,2229,429,2710,3033,992,981,725,1404,696,1427,1405,3052,1599,405,3115,1703,762,2078,324,851,908,743,124,1703,614,1717,1141,1809,725,3314,891,410,716,1593,231,312,333,1390,1094,583,1067,1174,432
B_375,50,76,130,11,23,228,118,193,25,42,244,496,221,28,189,204,200,159,64,69,23,224,29,46,5,142,170,65,1148,33,77,149,731,288,66,110,69,148,199,822,22,226,85,81,377,155,55,141,25,147,265,162,118,69,59,1263,43,232,80,105,183,323,16,915,129,135,122,40,94,23,156,241,75,363,180,39,326,63,23,62,425,123,153,22,149,2,482,370,38,217,123,168,322,367,213,636,61,593,369,352,61,283,162,73,129,24,25,24,137,1029,282,23,38,309,55,49,83,193,224,148,305,156,91,112,96,69,649,168,40,101,745,14,424,28,196,194,43,130,101,158,137,62,295,131,44,34,106,55,104,231
B_376,7022,740,1115,324,250,412,22138,3632,235,329,200,3924,731,10,5909,130,1449,1748,37,677,607,259,851,303,865,180,14085,2236,1514,305,1567,1150,249,680,20095,1743,1392,530,187,400,2821,146,4576,379,376,208,2107,70,79,387,80,243,19,535,494,399,118,248,336,1197,158,850,1319,673,289,896,2541,261,986,363,710,5096,3736,289,582,116,553,4028,512,1609,2120,327,169,455,658,1417,502,986,1622,3318,1281,494,2382,163,402,76,2134,6961,1302,416,400,146,297,949,2713,47,79,269,324,873,3494,530,1545,145,120,514,360,868,249,577,905,2776,589,625,472,3228,668,38,156,1283,222,65,874,1339,413,367,548,1217,249,763,5764,1383,2875,430,266,348,144,125,247,4830
B_377,198,605,313,269,1696,1887,2087,436,17,616,57,626,76,2001,471,94,398,925,1218,2578,8,47,29,1424,156,42,592,49,465,531,1483,25,261,1274,349,425,359,2683,57,178,56,5466,266,94,1443,93,1561,74,1556,847,170,3350,158,608,708,46,163,228,1215,1270,74,1684,120,420,121,372,5501,795,63,310,54,44,931,60,307,10,67,334,193,4526,461,117,374,9823,18,184,28,54,276,903,246,230,165,10142,774,656,760,759,133,5545,569,63,11330,34,6,191,5311,18,59,422,1384,26,531,35,210,109,425,21703,317,2410,214,258,63,681,7837,37,49,64,374,42,1815,74,246,7094,67,1952,2244,2953,148,431,999,656,119,31,52,42,93,270,1361,10
B_378,56,12,26,16,20,12,75,430,22,39,238,79,182,55,15,6,83,41,22,115,384,336,52,366,1452,46,35,34,3,30,49,34,50,46,160,27,568,17,470,245,161,980,44,265,196,56,1836,7,35,16,63,118,59,59,35,306,69,31,72,809,73,159,7,41,10,6,20,10,20,40,101,395,148,78,192,44,80,155,33,59,22,54,22,50,14,3,17,152,23,98,31,366,32,3,46,471,340,117,33,371,146,62,81,501,18,48,80,41,154,91,138,488,978,1227,98,69,45,417,18,72,125,95,102,69,5,31,32,16,331,20,1208,44,323,55,391,203,71,108,34,187,168,20,18,87,78,111,19,182,26,590
B_379,95,45,119,59,142,63,11,53,4,288,137,144,113,278,389,210,94,56,48,115,223,81,88,119,27,73,29,172,195,115,113,215,76,154,148,120,207,38,39,6,456,6,164,108,180,136,594,43,6,81,47,68,104,39,9,231,120,965,83,34,339,117,394,19,394,31,394,304,56,43,105,1153,113,18,321,39,378,66,280,47,344,303,96,30,223,64,41,72,32,35,221,35,121,144,41,26,648,51,137,54,141,148,83,367,956,72,9,48,154,30,372,38,72,37,268,99,43,202,168,46,57,417,84,225,60,36,153,77,244,17,107,54,433,111,172,36,72,128,43,120,145,93,246,51,426,99,59,19,59,23
B_380,218,158,108,19,21,14,18,87,259,283,46,154,25,7,82,223,286,45,416,14,139,29,812,14,65,393,63,233,2792,12,18,31,288,47,7,56,60,99,2,131,23,14,14,46,41,3,23,4,252,23,81,14,50,13,512,100,253,89,350,37,34,192,0,141,13,14,1078,388,22,68,307,188,135,63,233,25,27,27,43,43,63,324,60,371,923,38,64,9,128,18,608,6,95,38,48,24,304,33,109,225,6,35,50,58,1480,24,107,72,164,9,78,49,67,125,19,24,295,466,8,598,639,18,97,173,50,12,12,9,401,475,70,21,25,111,41,29,34,43,277,131,81,154,76,106,108,299,1624,2,891,3
B_381,561,291,82,158,292,60,63,128,47,263,616,205,168,80,1075,823,269,42,112,135,56,292,661,120,184,330,358,269,159,276,328,338,158,138,132,26,301,124,47,113,277,187,507,617,229,127,498,133,216,163,105,113,143,327,430,611,156,209,883,94,173,423,221,285,100,240,307,115,206,86,338,346,211,34,75,143,310,132,204,1603,130,185,41,128,193,15,230,709,260,363,94,1186,266,290,234,186,58,654,1562,959,90,97,539,582,450,89,322,121,76,181,224,312,118,229,39,99,162,520,215,187,349,229,322,79,256,335,121,61,519,152,113,38,173,560,126,154,205,161,417,278,178,137,157,225,1144,389,228,192,52,938
B_382,237,2,154,4,10,9,277,110,20,478,63,12119,490,362,92,1008,2748,12,631,1118,160,2,225,67,9,30,906,436,21,17,23,1089,731,548,60,75,2781,6,287,191,51,448,444,302,16,234,71,29,47,9,90,66,107,427,451,474,89,61,1427,81,81,44,957,83,41,1558,198,383,14,226,350,61,429,68,890,18,124,331,69,235,406,2,4,15,222,79,46,48,634,965,8,138,8,71,166,1783,23,240,40,284,19,119,0,890,48,321,8,95,176,52,186,105,135,31,13,853,106,62,379,6,10,840,972,167,124,2233,14,201,117,1255,58,33,187,52,77,184,2061,86,186,23,100,1798,88,355,175,31,3,41,1,22
B_383,561,758,1097,121,430,258,1279,191,16,3331,178,172,1263,219,811,1542,747,987,841,4184,66,383,207,1012,2908,333,860,1146,525,351,24,1069,4532,905,404,156,1102,119,63,146,360,276,109,507,1246,418,557,118,3831,264,517,2108,1534,372,1253,164,554,402,480,448,9675,977,185,6394,937,484,146,3239,638,242,503,215,268,504,413,543,13268,12552,44,209,884,445,123,832,1194,122,553,566,1807,339,2367,1702,10,215,125,435,161,454,345,288,413,118,1896,361,909,170,1611,1076,1072,380,969,3930,370,570,1384,1881,34,310,1879,336,125,978,1633,649,305,89,2556,70,5099,214,211,205,507,1840,380,2853,332,270,404,935,692,1645,2189,159,9163,3470,392,443,232,607
B_384,75,132,95,70,31,39,194,148,72,112,117,65,169,34,116,280,58,76,85,18,36,49,38,34,56,83,56,68,90,135,25,31,249,74,46,92,64,112,63,61,179,36,77,63,99,78,78,31,47,96,43,78,87,66,70,35,68,36,31,54,87,88,149,80,35,88,95,70,29,96,99,39,154,27,120,21,67,14,32,200,27,29,57,56,78,4,42,65,58,88,59,280,84,95,96,204,54,48,38,64,246,37,205,179,93,27,294,122,54,199,319,47,120,63,80,44,140,114,302,43,58,35,50,75,35,49,79,21,56,111,52,46,44,117,131,153,75,72,11,106,35,36,179,48,138,109,24,27,69,22
B_385,253,141,633,77,59,125,184,162,34,165,603,183,145,432,709,62,77,275,173,80,43,81,141,172,67,83,272,185,83,151,93,678,436,483,254,36,150,166,152,227,108,206,433,124,70,231,73,444,1323,508,440,239,386,46,128,303,319,45,189,197,313,77,261,111,50,213,213,302,192,528,113,491,186,89,119,27,116,82,489,452,129,102,41,282,375,69,90,121,37,361,245,250,162,252,225,264,180,515,225,408,139,694,284,265,205,103,1087,682,94,67,177,446,111,135,75,332,47,316,438,129,129,184,194,96,128,57,188,86,203,394,291,66,75,198,514,62,220,72,135,418,193,650,104,273,103,271,418,62,267,275
B_386,1532,403,634,394,289,217,181,511,34,2404,304,393,167,192,940,166,349,85,71,664,107,92,292,439,260,27,535,321,339,69,670,111,99,1159,157,1150,458,2619,162,1032,253,162,599,237,537,312,170,34,172,707,333,259,253,556,902,1340,118,62,652,132,144,408,407,996,155,252,220,587,237,762,203,323,523,143,657,121,1300,141,614,1906,651,15,506,365,1181,200,69,996,272,396,205,313,220,977,209,340,200,915,205,575,627,137,274,183,169,125,35,1951,149,532,342,329,591,290,420,608,894,2311,85,599,577,615,197,489,528,1062,376,250,587,93,118,237,110,142,957,257,67,405,328,987,230,132,272,196,1791,504,93,912,601,186
B_387,1224,5687,14995,25,2945,132,158,1175,54,3026,1319,2001,171,16,18129,367,225,19,21,309,20,26334,204,253,57,30,1505,37,9913,38611,305,7124,6864,1790,1019,594,828,295,13783,124,142,128,316,24,365,268,5852,3780,1073,1467,2829,887,2145,15490,439,1427,6124,892,4384,27130,6,6474,2693,288,558,5628,323,268,4120,3750,538,653,468,25009,534,68,1480,109,908,7393,965,3034,373,2022,10,74460,1033,1129,323,146,838,575,3606,2600,1340,53,437,370,987,260,692,31,241,8772,1449,1,3546,727,61175,165,1187,2536,841,10302,41,79,14,829,2393,1127,4001,6,56,2408,1160,321,2670,2876,4763,1952,7405,777,486,307,1545,335,77,98,9184,2484,327,582,481,1330,1434,190,3892,818,955,431
B_388,20,399,7,2,81,19,26,37,2,19,121,631,22,562,135,70,1,78,89,146,4,24,12,84,29,26,78,18,11,15,192,522,272,406,4,12,3,4,36,149,57,125,26,421,63,32,81,6,84,7,171,80,29,59,69,4,376,345,160,6,159,260,25,43,19,470,1223,297,4,15,74,229,0,20,11,159,55,104,10,722,57,5,25,1213,18,5,26,8,62,10,47,373,6,69,12,121,77,769,13,99,56,4,2,11,72,11,805,4,3,26,6,95,31,24,113,1642,5,232,28,95,76,24,538,74,2,63,114,0,147,4,498,178,12,7,103,25,530,743,62,64,116,5532,47,1,920,70,25,86,38,8
B_389,16,46,356,11,22,31,30,120,6,52,20,14,24,32,71,67,9,50,66,103,36,21,19,51,91,65,34,18,14,40,80,53,16,16,10,10,37,23,31,52,76,30,16,7,34,49,91,17,35,62,42,35,50,27,85,16,42,13,105,14,18,45,40,31,36,19,59,93,24,37,49,55,68,54,27,12,55,77,43,82,29,98,42,58,20,9,27,30,58,42,12,109,135,266,43,35,69,7,19,61,17,31,346,25,23,16,71,16,38,30,37,15,48,15,44,69,9,7,128,82,259,39,66,75,15,22,93,17,23,35,45,12,39,15,23,19,20,17,11,21,304,43,159,57,13,28,12,37,110,41
B_390,1094,1303,1210,424,1201,1097,1053,3058,266,423,429,566,726,1496,1637,1528,1824,856,725,1331,803,560,1694,345,2855,1299,1521,1763,638,819,495,1398,646,827,318,507,540,504,618,1368,560,778,813,958,781,374,556,363,545,899,462,330,657,568,1374,746,516,1804,364,1835,1234,2603,1504,379,358,639,1276,2302,428,730,1266,1315,422,925,1213,291,430,638,664,3788,1789,804,386,770,1405,182,245,2173,716,1011,382,1198,706,704,271,813,1380,1909,989,1603,1119,747,1098,1705,486,659,1199,1294,809,1098,633,1183,2424,819,508,378,263,5686,2314,1068,1151,2074,674,2598,212,531,1598,273,2926,783,1942,388,594,3046,1104,686,937,662,780,863,1066,884,1960,539,816,678,658,195,935,873
B_391,19,21,33,12,17,6,16,32,4,49,18,16,17,22,30,29,44,21,15,30,12,18,22,15,35,27,19,51,19,15,14,31,27,33,8,14,35,20,19,25,17,15,25,21,20,7,34,8,21,28,9,20,27,35,8,41,19,15,18,14,30,26,12,46,7,30,11,28,19,16,30,34,16,13,29,8,32,31,34,29,30,23,23,35,12,4,16,22,13,20,13,31,8,28,30,19,23,21,11,32,16,17,28,28,17,7,24,27,11,23,54,14,18,15,31,28,12,32,24,19,15,31,28,24,40,31,19,8,28,16,14,14,25,12,57,34,9,26,12,25,44,22,24,12,41,43,27,13,29,37
B_392,120,139,278,149,140,60,83,141,37,266,94,47,96,59,74,83,101,53,54,143,65,35,124,72,72,66,155,163,123,37,80,119,160,156,76,68,84,70,30,262,84,117,94,96,59,39,349,31,106,178,140,27,92,105,87,48,57,80,108,75,110,207,150,139,40,54,73,59,114,53,267,91,250,96,138,18,148,67,113,60,52,92,83,159,121,13,32,107,91,115,316,80,164,82,183,51,81,194,77,32,35,62,183,195,248,72,85,45,26,161,138,119,78,79,78,40,115,149,83,25,51,64,133,51,117,98,167,48,243,66,45,30,30,106,53,176,225,69,257,206,249,63,262,38,183,177,173,54,35,212
B_393,914,1636,2878,704,1022,281,452,1364,216,1551,1322,1096,908,425,477,599,1888,570,597,563,454,445,649,716,830,1777,1457,744,540,571,502,1445,1815,1615,409,469,1853,735,390,664,681,994,816,470,1079,593,1563,508,705,1341,1255,862,2160,673,319,630,599,902,1108,678,1059,1024,527,949,396,577,1140,648,432,674,1426,2533,983,488,901,298,491,606,943,1011,878,967,785,1185,1117,248,718,1188,873,1578,762,382,585,1581,708,697,947,671,384,1106,869,355,744,1336,565,182,540,1755,582,826,1017,935,1818,747,997,899,1054,890,1738,582,530,704,953,1102,1265,691,1644,545,1205,632,1027,361,696,1053,991,825,930,787,667,1121,1122,618,727,864,1375,1034,954,446,1074,1273
B_394,197,24,24,144,101,164,41,167,6,197,251,24,21,36,70,73,236,203,7,234,9,8,44,117,142,92,91,75,58,40,44,132,101,224,1,133,20,927,14,164,530,136,57,694,14,5,100,8,701,26,27,11,68,36,374,294,12,17,1649,253,15,61,382,157,91,101,43,31,45,6,872,139,49,93,86,10,32,23,107,98,364,7,58,24,73,29,32,262,421,45,37,114,39,107,47,28,294,169,26,63,150,435,57,519,81,15,24,18,292,24,297,28,193,37,324,58,99,13,50,67,392,59,126,41,172,14,139,11,27,1180,234,19,103,19,94,691,115,12,16,36,1634,260,5,142,123,2259,104,18,723,148
B_395,697,188,264,171,217,104,114,381,111,317,493,101,564,101,429,219,531,518,215,367,66,40,199,273,428,226,332,226,260,102,341,218,265,659,55,142,397,230,220,132,522,152,327,341,438,111,293,317,387,627,466,175,167,103,218,256,179,112,130,81,267,1008,197,738,222,138,85,186,98,142,312,86,665,151,1087,125,170,125,268,220,287,200,182,475,563,47,261,444,480,227,199,225,245,192,561,832,558,355,338,266,247,85,452,1235,419,153,179,412,183,251,770,304,613,180,124,346,293,546,596,231,145,877,285,82,425,126,771,58,345,76,116,72,934,354,434,289,763,91,170,82,556,147,117,185,111,765,73,134,640,256
B_396,4,3,5,176,14,4,512,19,11,68,279,4,709,136,31,50,56,195,24,40,43,73,5,23,165,20,15,5,634,259,1,86,4,65,17,9,86,66,17,6,34,231,6,11,13,61,25,5,4,142,27,33,20,37,13,34,12,107,62,19,840,72,3,84,19,668,5,70,7,9,45,44,1276,72,110,1,6,8,19,24,382,29,16,9,364,4,12,17,277,7,13,4,110,39,167,22,106,40,36,8,174,72,1,133,32,7,22,47,9,250,307,8,279,2,1,20,15,21,191,2,352,32,362,98,34,28,5,261,6,21,8,0,5,451,42,1,5,70,86,478,134,427,23,113,2,37,15,3,12,4
B_397,1968,137,22,124,12090,2029,312,73,359,3937,95,1890,647,84,1312,404,128,950,19,42,176,9,379,998,5959,5046,720,134,27,134,75,327,63,251,3445,12,169,85,35,93,89,2593,567,32,110,405,108,301,46,525,103,330,203,182,36,358,961,20,39,141,369,4,186,301,39,67,283,228,23,272,33,209,962,217,152,595,4508,310,57,160,139,64,213,202,2130,78,204,694,55,352,10338,108,264,50,17,1327,1110,1861,14,681,7999,26,184,46,222,96,58,92,49,422,133,275,530,16,260,929,884,33,288,135,137,538,64,124,224,2,59,90,172,64,146,86,40,72,651,6862,47,45,11,143,1422,2,178,585,193,99,877,45,161,174
B_398,8211,16678,333,493,289,1174,297,176,11,1221,1138,277,1379,24,503,704,404,249,369,1054,108,89,417,1324,59,2732,504,849,190,1160,491,573,617,830,122,1147,799,1294,2661,368,24,192,95,1448,752,384,566,2306,1811,6,304,328,1032,325,909,13638,1337,187,351,337,528,1489,339,6970,115,728,238,1171,96,1192,802,693,1310,1978,94,22,766,1264,2723,335,438,208,301,357,1301,1095,55,3977,242,170,239,2794,1294,440,325,423,107,729,179,357,166,109,549,1981,918,128,68,91,128,374,538,493,24831,929,419,8242,2292,921,1656,1753,110,276,2632,2116,882,293,871,620,2013,57,1335,268,11470,3136,5304,1917,322,887,617,941,419,108,927,2119,583,918,357,134,259,1012
B_399,154,285,160,34,39,54,26,101,25,46,43,117,270,26,91,76,60,73,54,59,64,36,54,10,32,80,98,80,165,62,85,23,171,25,85,75,123,42,17,75,72,23,159,122,30,73,72,95,26,39,83,91,49,198,19,65,108,31,33,32,52,138,46,162,36,64,56,170,55,84,220,142,22,123,73,17,36,23,97,128,10,105,43,106,99,32,68,159,102,181,79,56,29,193,26,63,127,33,57,75,85,65,42,132,45,22,55,48,23,93,197,69,54,142,90,42,122,261,336,30,117,117,51,168,54,63,116,34,25,96,54,16,68,83,74,192,60,73,99,103,81,122,58,60,174,447,48,18,132,33
B_400,27,34,67,2,19,2,1,14,85,38,18,9,84,3,30,94,3,131,12,16,10,306,62,24,1132,136,14,81,51,2,38,668,21,38,19,4,179,13,5,6,154,530,113,474,59,17,0,233,12,17,5,56,70,154,271,485,74,56,3,44,88,85,23,42,13,47,178,29,34,22,380,73,73,89,6,3,54,20,26,8,65,8,2,163,2165,3,345,406,133,25,587,1,11,3418,320,30,37,20,23,65,34,24,304,493,145,13,123,475,23,83,104,91,71,7,41,25,11,6,8,26,4,0,2,10,6,15,31,2,23,4,26,9,5,18,173,22,3,0,125,75,59,0,45,45,664,14,9,15,13,123
B_401,2061,1486,968,629,842,564,669,804,129,2401,917,664,1103,957,558,574,1682,1253,426,804,483,497,449,341,963,1016,872,624,1443,1793,516,810,1244,1065,492,345,1657,726,418,1202,331,1418,1420,829,1463,508,1311,536,1549,559,1250,370,2171,1660,1314,1217,756,631,1324,284,1956,1820,470,1080,607,1503,1429,904,692,660,2545,1793,1383,1485,1119,411,611,912,909,2630,1268,797,948,775,1874,259,871,1770,993,973,1914,1515,837,777,1087,1943,1133,1809,732,756,1082,252,2544,1728,1108,261,1008,587,532,842,1589,1993,1016,1044,970,585,884,1719,3390,906,518,1439,766,1676,672,1261,1780,117,986,369,520,298,501,1067,1278,996,811,564,558,1523,1343,480,1154,1333,488,1232,1782,282,602,953
B_402,43,14,24,12,4,8,17,67,7,15,51,43,24,63,88,102,93,35,5,26,6,3,57,13,34,15,37,28,5,3,23,25,221,98,14,26,19,5,19,53,45,15,23,6,211,15,20,98,18,36,21,8,13,34,15,59,57,4,135,58,21,69,0,18,11,24,38,2,48,8,144,51,141,46,42,8,35,6,8,58,52,53,10,34,60,3,28,145,15,122,10,26,21,29,74,15,19,40,14,319,8,12,51,60,64,3,24,11,25,35,159,36,29,38,19,13,23,119,26,10,16,15,29,79,59,27,29,3,21,39,25,4,355,19,57,138,30,81,5,47,8,2,71,40,60,7,46,11,21,37
B_403,1265,17811,1900,140,51,1938,699,202,15,96,468,116,615,19,6,1645,189,102,88,245,258,8,1522,22,306,31,13,110,5,255,1216,42,662,151,21,73,507,122,212,17,475,88,923,245,281,18,4405,2549,4099,2,256,2488,545,655,914,54,2382,11,837,386,197,435,57,1249,4041,2024,337,1,10,4,45,203,9,141,12,6,750,53,1689,186,93,28,748,60,109,66,195,501,2,452,147,85,19,176,300,185,101,215,43,376,788,57,131,1286,5,28,4665,365,215,1367,207,1014,272,412,2372,883,84,515,155,884,123,1868,37,60,1699,317,11,443,42,599,2430,177,408,203,662,52,241,1,36,166,33,413,17317,3444,65,135,129,2,539,5
B_404,20,23,19,17,10,102,473,150,77,58,44,57,38,41,5,67,55,102,17,52,42,43,129,73,104,22,489,1853,16,157,201,13,10,102,2,20,474,20,86,29,42,29,121,39,316,179,32,125,823,156,654,26,117,11,164,99,14,269,40,203,72,306,57,79,49,105,329,9,11,55,9,371,149,121,48,59,8,76,11,36,54,431,69,46,529,47,84,177,251,15,8,125,45,40,72,101,590,32,25,12,214,238,177,58,150,9,5,105,47,76,288,15,200,73,107,29,15,61,42,20,194,123,63,3,82,552,602,16,946,12,13,153,2,1426,43,72,27,98,73,56,1384,177,2358,20,530,237,239,71,44,7
B_405,183,172,207,167,268,110,293,1106,61,1005,191,186,522,91,117,158,130,98,161,252,138,268,138,235,429,306,607,351,401,92,59,169,268,401,32,156,575,123,73,362,155,186,371,171,81,262,599,68,225,242,380,81,157,360,48,137,187,127,610,112,482,868,288,251,66,321,144,122,120,242,461,364,210,435,295,72,356,306,221,267,349,219,945,596,898,30,200,359,384,174,124,600,225,297,361,435,166,156,130,182,322,230,333,261,157,72,232,364,147,247,505,192,1260,252,271,148,80,425,534,404,211,440,199,289,117,352,441,47,188,166,108,117,118,173,157,246,99,107,127,206,516,688,273,37,230,200,84,138,400,311
B_406,238,102,243,51,246,107,82,220,36,264,162,111,175,168,143,120,127,93,85,155,103,89,106,109,105,246,125,173,135,96,149,508,185,348,129,127,149,153,74,151,64,169,160,104,128,121,292,108,224,116,275,125,275,112,103,135,141,95,272,93,183,144,114,265,107,121,240,185,131,88,104,163,208,120,354,85,124,250,234,211,306,156,87,173,208,40,85,201,177,262,138,138,92,272,150,166,200,235,172,205,112,111,134,218,181,44,114,206,191,195,316,214,251,198,284,54,81,304,204,78,135,128,164,202,71,140,244,36,195,72,247,68,120,236,293,196,176,68,101,144,208,148,152,119,218,216,342,61,142,200
B_407,723,412,518,148,279,234,135,1061,27,1339,553,420,382,206,396,601,754,499,169,219,365,349,829,88,1188,917,267,631,953,141,259,770,370,217,164,575,361,917,338,603,580,1340,104,145,463,240,312,304,324,290,121,206,1438,230,937,702,151,238,1145,192,549,1319,485,448,239,208,1267,743,637,124,698,842,503,278,1074,307,260,159,1022,1167,511,265,207,386,1052,50,386,564,230,445,206,1189,286,338,427,428,707,146,1171,315,210,322,360,517,924,340,292,431,201,682,826,478,276,204,354,326,178,644,1113,389,609,1598,191,564,758,487,952,212,2114,412,223,117,206,888,873,438,246,265,210,1318,235,549,148,644,711,821,675,261,188,675
B_408,18,42,27,2,18,9,1,48,4,21,11,12,20,36,35,6,11,41,12,16,21,37,9,64,25,5,42,13,14,67,12,60,23,19,50,15,26,21,10,82,7,22,15,17,11,5,16,25,32,20,28,10,32,30,17,37,16,59,39,11,17,14,5,8,6,39,32,5,12,7,34,14,31,12,62,12,9,17,21,38,38,10,28,15,13,2,20,28,49,19,13,236,9,97,3,78,17,82,24,42,19,17,21,53,121,21,27,23,44,87,49,19,44,23,26,3,11,95,23,8,42,25,22,51,33,69,11,5,23,32,12,3,10,50,35,89,18,11,6,10,45,10,73,26,57,71,42,7,10,23
B_409,133,68,35,92,89,58,84,325,31,44,121,40,184,88,65,94,274,124,31,290,17,50,94,55,158,165,219,81,136,325,147,673,319,109,119,17,197,63,165,92,35,156,198,106,701,12,397,200,324,154,41,49,132,99,173,168,216,87,182,108,108,183,97,112,43,40,272,35,61,76,123,856,195,21,115,65,144,119,100,115,59,44,73,99,62,53,91,73,60,252,150,208,72,465,82,137,111,97,73,119,85,30,84,178,282,28,76,127,225,84,252,139,407,191,41,36,45,279,133,25,57,414,89,140,144,54,175,19,78,36,241,26,25,57,68,127,79,173,462,100,445,143,210,71,76,213,109,8,40,798
B_410,361,399,412,29,72,342,222,307,100,1374,500,1252,678,384,464,1910,175,178,362,694,240,569,513,307,131,1573,268,470,398,173,435,524,414,268,552,663,774,177,678,322,946,595,451,308,335,928,870,192,229,189,722,476,877,533,175,374,333,2158,682,418,265,2899,294,281,149,803,276,258,472,368,812,210,588,324,688,274,455,714,655,1344,836,581,320,821,261,24,220,694,672,875,551,409,152,269,781,342,308,511,1121,213,86,269,811,550,849,253,726,294,134,1537,506,259,923,425,503,1653,45,938,272,549,507,318,493,557,1098,163,336,104,1040,243,988,99,397,295,898,1148,287,233,252,78,48,92,391,333,279,291,210,284,365,1169
B_411,1722,2972,102,889,2240,77,16,144,2007,454,102,18,110,608,18,15916,3484,594,166,186,1277,387,91,4093,3590,212,172,346,41,51,5,37,38,794,28,743,1061,57,1372,1115,2223,601,100,704,804,1648,285,173,976,556,26557,99,4715,4710,1179,1164,2796,239,3826,568,65,312,342,9,947,84,576,94,2347,60,1219,97,230,79,135,10620,107,543,16,68,1120,3252,9,8170,54,37,240,28,88,348,3412,36,45,1806,498,90,14663,2230,135,494,39,331,72,406,918,70,496,195,2066,473,119,1950,263,137,170,13758,2500,550,324,2,546,454,54,2369,128,5132,477,76,77,83,47,72,2984,11,748,1950,1781,14,409,326,1036,749,62,399,226,84,15,206,352,327
B_412,213,68,135,73,111,192,14,155,7,102,427,4297,1561,304,341,1174,10,25,41,92,45,1789,67,703,1383,381,426,190,208,117,63,13,17,2700,1209,428,85,1,342,174,666,171,194,276,1006,64,44,83,220,460,1696,526,361,338,238,145,7788,50,244,97,276,79,767,236,142,1107,15,509,273,8,192,6,406,9,350,391,546,102,1907,1965,809,4277,565,63,699,22,2853,186,586,1285,984,168,1343,537,198,39,27,150,466,101,36,162,24,157,409,18,250,33,340,8032,2968,11,174,656,2300,11298,660,603,309,173,76,7,1300,203,302,133,2625,170,434,65,58,9,26,49,581,42,252,14,273,1902,3966,96,8606,310,1274,678,23,99,15,111
B_413,2511,436,3628,84,3118,680,87,680,557,53,738,486,2386,14042,534,436,3534,535,2019,6056,253,2377,365,161,619,76,156,918,236,8459,9634,1006,2282,451,82,2446,353,2628,4141,3671,145,433,270,771,1297,274,2987,143,406,108,363,2944,668,6915,71,2061,2156,10558,95,498,189,2080,178,618,289,697,607,6959,399,426,5719,1492,720,721,842,1886,206,5998,939,1998,1781,2642,450,5494,3031,479,1761,8037,191,3927,342,22562,2216,3185,924,2657,516,477,4645,8959,506,7074,2499,752,320,671,2311,55,90,25973,42,2430,5924,1482,2817,4121,1636,679,261,706,7457,265,261,145,136,1829,7330,52,381,7405,463,152,761,2863,280,1303,480,39,93,1219,68,586,199,1865,405,63,248,292,2017,904
B_414,37,49,20,43,47,17,24,67,5,66,85,55,81,16,42,25,51,88,20,35,41,51,23,11,74,53,64,121,36,11,42,31,148,46,18,6,51,27,17,73,78,68,47,69,26,47,42,15,34,23,18,32,40,40,38,41,46,7,56,32,40,115,48,57,66,25,54,68,15,25,40,80,43,16,41,25,31,29,35,71,83,15,39,36,36,1,5,51,26,139,50,55,22,35,24,33,60,22,21,36,26,20,34,34,101,8,25,26,11,39,59,80,45,26,54,27,24,29,61,26,36,36,79,37,32,36,124,10,96,38,66,36,40,28,88,35,102,18,26,44,40,58,40,33,60,79,45,20,25,21
B_415,201,589,751,355,319,820,412,546,179,1465,156,271,65,102,93,122,4517,326,171,227,543,290,842,200,92,395,1211,590,586,595,400,230,481,150,472,48,1783,382,640,192,170,363,384,589,430,864,57,42,843,248,471,351,464,407,867,139,3109,1230,127,127,416,212,420,703,3235,2712,217,1500,1526,580,653,1146,164,568,250,312,403,154,411,1724,3139,539,139,830,2232,180,78,7205,325,1522,233,180,96,1023,749,1082,236,850,438,414,157,233,555,343,281,122,1009,581,158,59,786,143,328,218,167,270,661,520,949,955,1324,598,316,461,272,103,483,197,10863,475,1032,65,1040,598,5486,521,995,255,629,915,185,744,289,32,216,1167,1905,1020,181,536
B_416,586,71,915,702,551,152,32,1604,372,942,375,1879,197,467,555,204,177,154,184,90,10,271,90,45,2353,1669,765,1250,956,637,526,3131,159,136,151,285,97,491,168,493,1389,528,174,857,2246,261,157,877,564,421,437,68,1565,795,319,109,31,115,175,243,1336,261,239,195,14,40,235,649,576,3412,456,1530,1073,1581,145,227,26,2293,327,1642,2376,326,699,697,352,34,499,411,1057,619,2188,205,262,807,352,568,607,858,157,172,151,143,822,271,430,111,129,798,173,1107,8616,1016,725,63,427,112,2178,2336,404,2904,377,283,293,489,575,672,550,3354,783,312,410,66,969,355,157,714,611,87,666,334,112,482,3912,243,1806,591,1918,1060,510,237
B_417,187,192,156,66,235,28,226,564,25,151,72,186,73,243,26,291,112,36,88,104,58,24,96,28,121,52,230,99,310,121,298,86,380,211,70,77,212,159,31,163,41,176,184,168,105,107,196,61,116,94,154,188,115,220,223,81,72,129,112,160,106,359,164,134,82,285,47,215,97,498,147,213,137,69,45,95,229,35,103,157,75,103,90,113,136,33,95,214,49,277,95,97,252,51,181,167,286,104,169,257,130,54,105,186,213,122,248,100,119,131,390,46,350,151,89,116,261,65,85,57,69,203,235,146,462,129,44,166,91,55,74,55,367,299,173,143,131,28,147,221,166,107,106,255,249,190,92,43,50,116
B_418,19,147,95,182,26,7,81,127,18,805,95,14,74,75,101,21,96,93,9,19,45,38,53,46,123,227,2189,29,91,30,6,20,63,43,66,22,217,163,40,106,13,15,47,185,31,97,92,99,30,41,49,35,187,95,78,225,49,130,31,25,22,29,29,60,55,25,80,64,7,51,37,219,142,10,35,12,179,71,34,47,226,14,24,11,228,98,12,110,73,151,54,19,85,166,67,38,19,63,28,102,18,137,49,62,27,8,10,16,15,173,103,207,50,17,39,90,108,18,131,105,47,95,15,85,98,25,25,4,198,15,158,2,125,97,30,861,102,105,28,273,30,58,54,10,59,30,19,7,85,54
B_419,355,1022,862,5458,10254,1724,1776,43,99,2889,3158,336,378,504,190,4464,2820,1028,1205,222,1851,7358,878,789,30,959,1439,1258,333,48,56,2592,295,379,110,767,95,1062,12788,4223,70,330,3610,572,12627,495,1702,180,1371,1666,4866,180,575,659,1372,921,966,647,8590,1291,1620,957,783,2181,408,1036,366,4131,13702,2838,11581,381,965,4677,465,209,77,128,5986,123,683,62,2854,1500,119,34,869,3296,10072,5386,943,114,1063,471,6965,140,665,173,65,567,5517,54170,2567,7576,456,4641,7328,12113,5056,479,1295,555,243,147,2359,932,586,1672,140,13795,742,6584,1101,1053,121,26352,927,547,4895,1222,12760,703,2764,166,3174,192,1845,1557,1097,2093,2456,901,390,1256,3685,4201,2261,671,978,1417
B_420,124,258,66,10,41,246,38,485,80,3848,2,165,524,69,211,156,78,485,24,163,264,175,109,116,698,1996,267,332,47,28,186,534,118,288,29,36,812,312,116,1898,48,518,26,297,196,438,118,185,17,63,799,60,381,84,610,136,1071,21,285,73,90,280,119,241,196,531,332,248,62,100,347,24,533,9,237,159,133,168,270,443,551,634,19,363,52,136,134,288,213,635,19,3451,172,210,27,2007,1429,187,131,784,2672,10,489,2933,350,209,736,60,43,194,1121,22,113,157,5050,55,838,797,90,584,4028,283,2692,160,386,528,1702,15,54,62,77,18,2652,397,32,213,162,46,9,85,422,103,3298,37,874,523,24,19,19,94
B_421,627,782,1895,764,1075,258,936,4295,632,2330,482,432,564,401,1620,526,4491,2068,283,1082,1260,438,942,153,1364,1166,519,1298,1237,542,222,580,1324,1683,277,408,671,2195,933,5946,1478,497,1766,765,3588,735,447,516,1288,418,2159,906,542,2067,2565,1043,1343,1747,2879,671,394,994,2257,1154,1234,5207,6383,858,603,982,341,1969,1362,1197,1791,321,1308,1457,1321,2840,1530,227,194,1769,1513,184,319,1188,1324,1388,620,1128,632,1145,1084,939,497,560,921,448,626,508,1274,2898,1494,252,1974,320,1056,1061,1877,452,2704,346,556,1137,459,476,848,584,437,1968,972,1774,670,1027,1159,337,443,507,1614,400,779,1307,640,568,1055,799,186,968,3863,301,951,3524,1112,835,1622,548,713,1094
B_422,100,564,37,49,1412,12,6,133,41,80,586,2377,44,49,627,5,112,1617,2,24,463,447,1196,944,1079,347,3647,1304,206,0,1502,111,669,3,109,510,30,25,473,583,2232,30,217,43,4009,92,269,1757,135,135,2821,71,49,2,12,3281,60,2025,900,11,6454,272,449,67,183,136,189,8676,39,58,22,758,99,1524,89,145,103,10,5272,50,186,65,47,231,60,4,29,122,125,1030,3911,163,379,161,6,739,315,823,37,250,272,1186,57,231,3171,60,2210,641,61,98,1610,6863,360,190,614,2019,17,154,33,937,24,26,1128,548,526,1,26,908,1882,3232,622,450,813,4890,7183,34,1847,6452,91,2336,1251,4450,299,373,336,924,5252,24,458,739
B_423,178,63,36,55,50,31,48,141,30,107,49,69,104,69,105,98,212,79,92,104,45,85,67,47,18,217,43,58,51,123,545,49,105,110,146,32,144,111,27,94,27,84,102,21,353,25,80,14,54,90,180,22,50,64,55,76,45,79,73,28,96,52,116,46,15,39,88,97,150,59,36,81,144,83,70,35,331,198,127,249,65,88,30,60,120,42,73,227,72,28,45,113,92,81,45,183,328,19,47,94,125,185,60,136,218,47,296,179,20,181,190,412,206,183,45,147,43,649,43,34,67,158,17,128,150,100,44,96,301,44,179,14,48,90,62,236,89,107,48,203,77,134,63,94,15,79,49,170,168,60
B_424,54,8,1,3,4,3,110,44,3,6,73,12,216,6,58,11,24,1,1,22,4,480,4,11,9,197,83,79,23,3,15,52,22,279,6,34,24,20,32,87,94,27,66,22,6,26,75,39,323,251,100,100,189,69,22,44,40,62,120,203,220,21,18,62,166,12,39,99,46,13,32,161,40,356,36,10,20,82,320,13,31,59,3,19,85,3,120,41,98,54,20,64,153,90,3,296,27,105,153,24,11,31,29,3,64,0,3,65,2,21,76,115,28,4,5,3,0,17,104,91,76,8,76,25,271,28,99,23,5,14,5,1,0,161,60,18,32,11,5,49,39,84,111,55,4,261,30,19,28,45
B_425,155,89,811,6,28,12,255,28,4,155,93,31,374,18,157,275,14,57,16,70,12,81,32,181,18,127,1422,62,88,2,18,3,183,65,7,17,52,62,72,37,71,55,82,19,39,241,31,37,187,25,650,8,240,7,23,424,61,55,31,4,237,24,400,140,60,151,22,16,140,30,183,40,49,449,477,4,58,28,25,13,52,18,45,147,12,81,474,79,5,72,24,247,40,111,41,14,88,164,33,11,39,13,117,60,72,171,26,187,478,429,284,21,76,29,154,175,879,344,34,36,264,36,68,41,10,156,12,7,172,16,105,57,18,59,84,69,160,54,27,50,218,32,35,59,250,235,19,14,33,60
B_426,164,221,103,139,318,49,60,222,21,391,26,123,205,102,398,280,653,48,488,184,580,137,27,74,226,31,347,9,50,133,79,613,18,39,63,134,2599,164,378,76,52,612,714,106,16,723,427,6056,214,63,41,130,1407,48,59,33,256,127,575,160,209,269,37,372,72,31,2527,39,176,81,159,1757,271,123,183,15,22,25,3,7,2078,42,511,760,346,19,4,286,4,503,260,5,13,283,257,256,898,18,153,16,47,36,29,363,87,3,409,44,416,18,51,35,14,333,197,126,359,158,480,102,601,137,111,116,318,261,729,295,46,101,136,41,688,377,112,4152,94,159,3518,259,31,527,138,58,190,94,185,16,447,75
B_427,15,65,179,2,23,4,10,495,3,21,626,26,6,14,22,9,18,16,2,15,8,19,2174,122,179,49,6,27,210,27,4,62,193,25,3,156,20,9,19,3,2,42,1,77,27,17,61,81,6,120,10,21,173,3,277,85,30,36,178,552,1,11,2,16,27,20,35,8,66,62,40,108,43,84,2,100,47,28,83,18,25,8,32,61,28,3,19,20,75,26,28,161,24,71,7,170,117,25,147,15,1,8,102,23,32,0,5,203,138,16,3366,3,365,38,6,13,17,36,25,20,273,12,15,75,12,11,38,3,54,124,26,4,19,310,174,68,5528,157,17,13,85,34,699,12,418,38,58,85,24,87
B_428,19,48,17,10,9,13,16,70,4,9,15,20,23,10,20,15,26,13,15,54,14,24,36,29,19,25,54,15,38,32,31,28,40,53,14,8,52,54,19,31,24,23,32,44,12,13,80,11,20,52,32,13,42,14,12,21,23,28,29,16,30,50,30,65,7,17,44,27,50,36,20,56,32,6,17,31,18,12,31,28,32,26,53,34,14,3,25,46,14,22,19,52,11,20,50,20,26,43,29,35,28,20,55,38,51,7,23,30,19,21,22,19,18,30,16,12,21,34,14,50,29,21,18,22,15,29,58,4,39,17,12,19,18,90,19,29,9,10,25,12,13,10,24,24,59,63,42,6,26,24
B_429,518,148,398,445,129,587,63,391,31,989,4134,83,51,51,462,5542,4425,563,145,185,99,298,308,34,205,605,257,150,229,241,296,1375,592,1454,307,332,45,245,204,411,160,229,315,962,142,80,118,511,2986,655,591,739,26,999,253,204,1199,2665,68,859,58,159,2,505,25,48,214,6000,37,99,58,51,194,369,1822,830,210,168,680,43,480,243,773,123,7873,112,81,366,184,69,341,455,176,71,195,932,45,219,408,105,34,591,860,96,243,679,500,621,26,1352,664,66,216,16,434,940,149,211,301,199,31,1649,17,11246,542,498,3014,5,349,33,419,117,1250,507,16,49,411,134,57,380,98,201,329,18,190,527,127,39,80,268
B_430,952,622,250,9,60,33,855,116,20,660,72,0,101,53,4,32,51,418,2,36,14,6,29,46,89,120,150,792,341,182,14,154,345,64,26,23,207,2275,2,78,192,69,305,201,61,143,196,34,43,482,92,314,145,169,1042,47,600,218,66,16,45,73,18,92,517,160,4,4695,2322,75,1396,452,169,54,87,131,1041,1912,3,40,187,209,34,32,1198,0,1068,126,64,327,631,30,26,150,56,14,255,109,13,197,26,78,524,49,197,12,14,1666,40,216,42,158,40,35,2162,68,108,14,396,1002,158,12,13,133,80,2,1102,12,226,96,120,517,132,66,115,469,170,7,77,521,2635,194,248,98,548,359,108,3,2490,3541
B_431,748,1395,396,570,119,71,211,1621,315,305,334,201,546,614,1449,143,579,160,285,1026,59,1073,213,91,129,37,419,2101,444,217,301,139,1449,462,426,835,920,4020,40,360,685,2021,379,166,963,397,666,5953,494,371,139,853,601,857,572,557,2379,115,501,369,198,554,227,415,1070,2785,427,1010,8313,147,783,12091,1471,212,81,142,441,322,123,702,1502,1027,421,153,524,96,665,1259,119,736,770,773,69,808,1786,1850,3030,315,161,284,1083,965,713,839,377,141,522,189,668,119,691,462,287,1356,153,2559,190,689,699,441,340,494,963,653,552,1014,496,460,323,761,163,292,776,4449,1107,563,655,481,4403,1715,1786,555,531,72,1367,97,191,547,375,840
B_432,291,125,544,85,151,60,145,80,94,203,63,416,254,195,56,127,481,80,153,129,157,102,206,85,223,195,150,79,401,62,197,175,294,55,71,173,110,306,154,115,222,126,255,145,191,55,165,104,32,266,278,152,338,222,81,95,90,134,52,135,121,148,100,297,46,65,103,89,376,100,748,311,84,128,172,45,130,210,85,122,139,185,48,351,464,30,67,185,108,115,187,58,257,183,397,155,250,548,55,313,290,126,76,94,128,57,46,97,191,427,370,110,218,57,318,207,86,127,499,42,74,321,288,406,354,138,273,114,83,111,82,110,315,308,100,160,202,118,225,214,430,216,130,122,129,134,228,107,455,140
B_433,199,821,96,1028,646,297,191,1964,349,989,563,1358,397,200,655,1260,371,767,103,466,627,446,393,389,242,509,209,779,231,730,764,287,183,1002,572,471,446,121,318,104,462,475,364,476,346,115,1581,168,3402,421,277,353,1797,265,655,916,790,861,542,1971,731,8070,1226,989,1115,739,294,771,743,435,440,2111,2006,199,257,177,712,596,716,1035,808,447,1921,736,192,63,125,344,894,2300,5889,302,2085,240,1024,1344,734,3209,167,563,429,795,4140,1191,2521,111,370,1149,2480,903,2988,393,267,872,694,155,288,438,452,699,569,385,322,2208,787,686,3162,139,211,429,370,1228,163,1774,2869,856,827,371,450,4159,446,1473,175,33,522,513,289,1055,1478,2112
B_434,65,26,113,125,123,26,123,96,21,376,51,73,65,24,57,171,96,39,105,202,18,81,20,26,37,15,27,49,33,25,23,19,97,130,41,51,54,33,35,157,34,51,142,28,91,41,85,95,34,127,52,66,26,65,100,44,51,28,41,79,34,105,38,54,47,25,104,22,63,93,22,138,263,30,288,29,70,33,88,135,42,47,58,27,87,12,82,298,88,212,103,168,51,49,79,107,38,38,41,46,153,55,130,332,117,33,41,45,16,32,208,100,102,58,25,26,181,117,58,22,54,115,66,183,179,50,45,54,78,16,38,49,204,57,41,102,16,15,94,70,25,74,138,47,111,190,162,22,135,44
B_435,661,395,281,1344,231,129,157,412,138,1544,683,155,703,528,255,1391,531,123,136,304,317,243,136,422,642,141,469,268,337,363,130,766,585,254,136,629,571,121,423,668,577,313,135,277,346,219,908,344,183,527,1024,294,1864,247,317,634,212,378,470,437,281,710,212,321,256,372,298,453,664,196,472,1670,528,376,438,139,597,148,337,857,375,285,392,246,424,68,490,298,71,758,684,1656,208,479,580,365,1187,130,373,978,402,119,1084,1423,587,201,980,561,577,373,228,661,729,337,1074,160,116,819,281,174,372,1247,482,1696,311,277,356,253,671,403,257,159,479,500,585,254,1047,130,316,644,520,509,648,200,268,320,194,115,304,324
B_436,250,2,37,13,40,252,34,186,1,2069,13,1265,576,6,79,125,561,206,27,102,35,16,44,202,11,117,53,49,35,386,145,22,69,1384,41,1162,252,149,76,1263,4,35,12,135,274,43,392,15,12,80,145,50,17,146,703,1973,269,18,1558,89,51,10,16,140,50,1784,16,17,8,328,221,23,68,11,31,65,184,41,42,562,74,10,54,10,88,173,43,92,38,141,631,41,373,789,13,68,2214,11,34,16,616,19,22,298,206,10,64,224,5,751,569,120,267,76,23,11,65,585,104,20,98,138,6,1083,2070,142,88,6,5,165,273,200,30,75,287,115,15,639,905,121,17,53,73,507,565,50,54,326,10,395
B_437,59,5,363,2,97,1253,127,315,44,771,22,93,6855,26453,93,63,27,6,234,20,12,29,215,56,37,152,69,42,58,62,347,520,22,566,30,146,89,177,701,11,62,901,288,515,794,513,3487,4,497,67,2866,389,35,106,7,1903,41,296,2737,1472,732,234,343,55,54,104,13,60,19,51,0,3225,4196,91,4499,2,0,102,146,39,118,421,14,120,24,30,54,486,117,60,645,2756,0,1122,23,4394,527,209,107,2693,527,47,79,53,225,80,7,57,62,66,18,413,160,259,99,1115,29,948,64,98,823,136,749,65,208,396,3088,64,34,50,90,21,446,59,57,43,55,305,6,161,4,291,24,31,18,107,304,83,13,311
B_438,3,28,93,12,10,19,13,24,15,23,5,156,35,49,119,17,26,22,10,15,5,49,6,13,15,30,56,22,17,21,13,94,59,193,4,34,41,22,21,119,20,6,40,11,105,141,68,34,46,35,27,10,28,60,20,54,33,132,11,58,54,59,30,74,37,10,48,9,6,12,69,41,4,38,19,22,9,39,39,62,22,8,29,100,25,22,6,6,13,10,8,3,6,34,29,4,19,34,28,14,24,18,20,323,217,37,33,24,2,85,182,25,27,17,88,149,39,44,71,9,53,116,18,17,24,12,10,25,14,26,30,14,4,18,15,19,29,8,5,73,75,128,26,7,72,65,33,67,22,148
B_439,64,75,78,50,97,46,53,139,22,134,68,56,66,56,103,84,294,64,30,96,64,51,130,40,94,127,82,70,117,22,77,81,69,160,39,24,214,143,40,84,46,59,81,107,129,90,135,22,128,97,72,35,107,43,74,106,58,46,88,41,111,144,64,81,76,52,124,60,96,60,67,102,136,141,257,41,69,113,66,56,145,119,63,104,82,11,43,105,102,141,72,134,50,77,60,73,202,105,48,204,114,33,76,206,96,19,68,39,51,44,116,60,130,81,89,87,67,107,90,40,35,133,73,172,71,102,99,21,72,36,92,23,74,39,111,101,129,48,53,91,70,50,46,82,115,149,67,31,152,97
B_440,2485,1572,101,410,4533,182,1090,3348,345,1115,1047,1359,2131,527,153,383,310,815,321,443,164,759,1517,1415,750,813,980,3147,2105,1475,332,1964,1791,2087,833,736,433,930,194,240,1610,2067,562,356,603,2391,960,353,7559,1048,1205,5726,4389,377,6322,1883,1835,976,5517,1131,757,4609,1044,4664,255,1157,495,611,619,366,10833,1951,632,1182,4033,47,3051,477,969,3084,9870,334,554,1245,266,100,389,843,3742,4277,931,1055,850,3166,274,2899,1295,1842,2336,849,848,1443,508,876,2988,75,1094,11402,441,434,3259,6468,3073,1275,2843,367,502,5424,2631,1277,2297,5145,515,572,412,3027,430,231,1705,1030,319,162,186,2259,491,115,280,812,771,2639,1615,11068,2331,433,761,2126,1398,180,685,1678
B_441,26,56,43,23,43,9,13,157,2,53,31,29,30,18,29,26,40,34,17,32,35,11,23,10,46,24,15,23,10,21,26,48,34,23,11,14,26,14,26,36,27,12,21,30,62,22,65,4,10,25,26,26,37,82,25,17,89,40,29,12,14,37,20,69,35,27,36,25,26,22,26,57,71,35,47,14,49,17,22,41,47,16,17,26,35,4,27,31,39,37,32,81,31,42,7,11,57,60,13,9,22,13,47,61,86,5,15,12,19,17,61,27,64,21,62,17,21,42,80,60,24,58,33,34,22,20,51,25,25,43,17,6,40,42,31,48,50,21,29,20,26,20,48,38,32,46,38,18,29,34
B_442,47,13,22,6,20,2,2,50,9,17,25,10,228,10,6,14,94,34,11,0,41,32,10,4,2,41,244,48,69,77,2,69,18,13,3,3,63,6,20,384,80,36,9,11,52,60,16,20,2,28,76,9,19,11,38,21,44,7,67,18,18,193,14,17,6,1,34,22,3,11,38,48,98,12,10,2,6,11,1,91,83,35,62,28,35,0,61,15,47,310,693,31,23,8,15,12,1,16,44,10,7,6,152,10,103,46,18,8,1,16,18,95,4,2,276,59,24,1,56,4,153,9,46,13,5,32,13,1,38,20,47,5,38,5,15,23,1556,1,17,54,61,4,197,22,11,11,8,9,3,32
B_443,383,18,87,55,24,11,27,116,35,38,12,27,5,96,106,70,46,5,24,136,38,17,21,9,156,28,34,27,63,18,69,69,19,21,24,5,96,21,21,32,60,77,27,116,271,67,105,14,78,13,20,115,53,18,34,8,40,13,71,17,90,54,43,197,48,7,63,33,33,40,30,59,48,12,34,6,16,29,44,24,99,16,46,82,13,3,4,17,73,28,109,48,21,51,34,42,57,53,33,79,47,7,13,99,18,15,80,34,28,19,222,165,263,10,76,12,37,63,97,152,15,15,135,31,57,24,93,2,31,44,11,5,86,41,12,25,26,45,128,35,56,61,14,24,9,79,15,11,38,21
B_444,17,96,316,38,1392,259,54,162,81,148,503,179,31,232,583,232,1472,48,8,580,43,106,55,25,137,83,98,20,20,110,139,222,71,1053,157,50,213,299,34,22,426,277,963,201,325,148,1713,39,234,523,59,103,1856,37,122,44,56,85,465,98,469,948,55,121,83,37,591,111,150,82,807,288,910,69,88,77,68,1134,214,84,101,15,72,268,447,30,143,87,34,34,102,68,69,195,805,1017,189,345,608,113,437,134,75,46,65,119,47,307,450,236,1153,47,889,43,140,182,42,84,145,60,93,484,49,285,169,81,185,234,243,61,76,210,225,183,136,155,442,384,50,92,360,245,125,212,83,343,125,17,982,285
B_445,904,60,135,385,563,2850,188,66,65,226,145,1080,157,83,36,115,205,136,51,994,3,46,2007,364,1344,482,1033,386,3,28,320,147,89,200,306,636,84,246,619,89,90,162,581,33,468,901,13,1995,573,382,367,338,556,370,123,275,772,1339,1748,46,1981,1188,160,94,56,962,51,126,119,171,133,376,44,221,94,46,366,193,510,81,760,19,532,195,540,409,415,206,11717,325,161,301,1090,22,327,433,1373,481,41,554,286,15,691,487,231,4,549,315,255,251,158,189,608,94,65,1321,582,156,131,419,17,737,57,169,229,453,993,903,489,27,45,69,147,333,1359,669,75,4578,140,138,115,1439,284,25,1518,1616,1046,23,1100,168
B_446,24,23,116,281,126,40,67,48,36,92,38,93,42,298,72,35,152,25,30,181,9,15,76,6,165,55,67,33,14,6,21,145,58,14,19,40,55,9,41,61,1,385,12,8,313,144,17,20,82,408,32,45,16,195,96,30,95,58,283,1,104,15,22,75,388,36,55,3,42,6,226,95,124,130,183,9,25,9,1,12,46,15,15,61,85,4,191,82,26,262,44,302,697,166,66,57,15,82,52,146,22,37,37,34,52,66,108,29,15,77,20,163,36,72,39,29,98,47,87,31,8,229,8,135,64,45,283,131,33,24,67,15,8,40,42,18,15,121,7,3,232,68,26,13,26,116,21,38,226,24
B_447,179,407,415,127,266,378,349,245,83,299,691,195,286,314,188,1026,824,632,144,391,202,173,225,212,512,245,291,182,211,172,211,596,700,297,149,136,247,213,110,189,213,366,332,145,71,181,301,189,409,245,395,185,677,715,155,685,276,147,313,104,194,413,352,223,93,123,540,179,174,204,269,542,393,303,244,63,151,120,478,412,289,529,158,363,639,178,76,536,175,344,280,334,230,377,588,178,876,422,315,473,345,161,276,335,299,103,432,297,220,395,307,344,258,179,195,140,312,189,262,122,187,184,214,616,583,221,196,155,390,122,174,113,186,421,195,401,245,99,611,360,150,478,342,138,277,490,954,156,369,246
B_448,190,3229,7241,27025,136,1344,1502,419,40,819,322,37,5823,6245,123,149,2008,131,164,9524,19,326,3340,27152,367,15,1599,1296,229,302,1850,92,142,2256,8366,405,460,324,8552,77,2635,11503,976,41078,398,877,501,611,1549,135,160,462,423,968,13899,1534,867,185,151,27,685,1145,426,6748,932,441,11696,186,2156,3386,339,130,2872,3260,1569,8,3538,92,3466,1074,7352,10848,21,584,139,357,26,1090,172,11982,1577,525,1606,450,4005,109,7555,3247,4012,392,348,395,83,66,597,56,3526,327,800,60,446,2584,576,877,399,17,79,837,160,519,97,62,328,1415,6572,509,2273,332,124,300,247,836,658,112,1498,246,176,452,2555,108,5541,1075,2887,1198,411,12,13627,2443,207,273
B_449,4,5633,82,543,151,478,25,159,710,392,30349,174,1284,2428,17,148,36,6897,458,59,138,1073,198,300,748,229,3253,24,499,3631,4867,596,5523,256,57,64,158,19558,2051,110,32285,1161,5027,498,2116,259,13989,892,202,434,70,401,648,17990,96,198,421,213,2209,533,211,1283,139,1477,737,134,3307,366,8906,195,529,873,245,18402,2959,45958,8216,82,447,61,6133,33580,9813,50,5367,97,1779,51,18054,880,300,401,297,54,4694,378,372,1626,3727,16520,448,13,84,2685,3787,786,10462,1046,1297,985,70,4577,892,14,540,287,454,1928,193,673,6440,1491,186,367,8591,202,1011,3922,793,2548,138,5751,12439,6,378,1702,176,1227,1054,8245,203,5617,393,1058,444,118,388,122,135,23479
B_450,181,638,61,323,104,1062,64,300,187,207,8958,20,36,3552,277,1166,347,19126,793,165,227,3221,13248,131,142,2154,6216,13643,28,338,415,362,480,304,626,528,456,54,3927,122,25,247,2666,1281,305,1894,1493,191,245,350,616,15,935,14,11903,284,941,142,186,150,7165,2013,252,1799,1258,4100,70,47,2312,14568,147,313,1,729,106,20,177,201,124,171,264,826,3899,3,16961,113,59,1932,366,1353,20,152,381,1157,2981,108,64,53,154,1193,37,24,842,699,34,36,5871,32,28,45,129,257,84,4417,2252,278,725,3785,19041,4452,509,43,40,85,117,760,131,45,45,251,2229,56,1077,1966,23,111,493,37,208,0,1858,4157,5828,2842,203,7246,85,1499,186,256
B_451,2085,107,617,5857,112,4,112,4325,296,430,82,78,187,509,566,1928,1433,118,320,132,29,17,397,6,116,727,4842,1655,371,64,175,649,4059,1478,310,471,527,128,27,578,136,308,608,2182,609,651,1376,154,232,2108,447,195,119,26,87,343,134,161,459,1902,154,688,491,782,32,98,432,64,160,499,132,306,631,101,1490,123,133,176,562,189,187,132,13,2767,998,42,346,1056,77,434,739,1773,8,246,601,323,152,622,71,2201,32,397,1000,879,612,320,43,358,442,597,1110,404,53,163,81,411,3165,336,862,80,833,277,1086,261,118,3196,234,23,1029,75,137,30,1421,189,3611,2006,42,116,410,35,383,81,631,1891,296,268,121,217,350,1183
B_452,653,1100,76,7,3837,10,22,428,6,58,182,8,39,3,277,10,62,121,536,12,182,2,153,43,32,35,28,42,36,19,175,4543,26,43,79,13,1,212,34,30,2,20,11,77,9,272,122,350,449,470,289,45,61,20,4,19,16,30,243,3,105,137,990,1812,57,36,62,50,1229,236,31,28,35,15,110,672,390,531,58,226,13,196,19,257,5,31,13,118,66,210,18,27,1,0,17,29,22,77,515,1146,12441,31,15,127,35,128,5,17,35,58,465,2019,79,10,834,543,40,25,106,4931,58,142,3020,65,33,35,69,233,1431,6,109,95,18,2028,121,671,296,264,359,244,116,135,598,53,213,1497,319,22,105,150
B_453,301,11,62,20,34,14,38,50,22,373,97,32,26,123,205,80,61,131,111,26,30,73,42,89,348,24,205,68,26,37,37,84,60,86,10,7,32,1164,63,75,6,47,96,421,131,52,257,23,220,50,208,6,96,91,37,38,39,21,336,35,188,108,18,45,87,179,131,145,83,11,324,58,343,33,94,26,380,44,25,332,787,6,154,91,215,1,10,142,199,188,115,181,150,86,29,73,517,58,36,101,137,53,249,130,61,3,75,79,41,267,35,106,199,250,19,467,32,177,624,51,23,36,91,142,544,33,326,12,47,55,57,13,29,318,51,36,48,32,109,73,35,20,102,51,91,163,24,16,15,53
B_454,72,26,47,4,3,2,22,403,3,59,5,18,20,20,9,38,44,2,1,53,123,219,34,8,43,4,64,4,42,131,7,128,7,32,164,57,35,15,2,75,61,38,6,64,2426,15,10,1,40,3,773,6,122,8,1,185,55,162,5,2,30,232,13,8,12,15,130,2,154,55,1449,27,17,53,6,3,9,166,131,7,54,0,23,9,32,40,125,11,18,6,7,2,15,24,40,4,6,2,10,24,41,39,194,432,31,13,1,6,11,37,9,4,75,21,6111,349,99,979,9,6,12,128,9,9,32,13,371,11,51,34,3,9,38,9,6,6,6,50,12,5,29,202,18,1222,22,90,33,1,2,119
B_455,5,7,21,42,87,12,7,50,3,23,113,47,11,52,27,13,18,19,33,27,51,10,43,61,28,8,100,60,123,1,47,19,25,99,3,60,71,3,21,49,63,32,15,13,3,4,40,1,15,6,36,8,0,76,28,12,33,50,14,16,67,34,13,47,15,12,72,23,28,39,49,89,183,20,8,11,15,28,18,335,50,154,54,17,35,16,156,72,60,71,50,107,18,598,15,10,91,18,16,97,13,3,53,53,141,23,52,111,72,26,3,23,39,47,16,38,14,43,22,52,5,42,42,55,37,22,37,4,66,18,45,15,22,29,389,6,61,46,13,25,38,82,5,40,40,17,63,42,85,5
B_456,151,15,3010,1772,38,2957,807,1752,131,1561,2572,322,1716,324,4499,111,814,351,5274,9712,17,3452,1114,3714,11247,1318,301,1411,1198,704,557,2495,214,325,1049,539,375,666,299,31427,102,253,17675,1220,3145,6380,3062,139,8892,2145,672,13040,16266,316,4108,4925,122,21521,447,754,1427,77,16425,443,9808,3750,2315,393,1474,4240,642,2819,211,30,688,2320,32705,2965,11576,1846,41,416,55,4638,505,194,3252,380,787,1573,1210,3697,119,716,4160,3883,212,176,1101,595,174,1646,2164,276,241,69457,517,107,1956,23,49,357,1193,1452,43,5511,621,189,124,2180,817,1148,326,2394,14267,7291,1004,2068,472,363,6396,42802,290,334,1039,2361,7576,2658,8459,919,1681,545,1707,3123,886,183,3762,2669,4,126
B_457,291,354,865,1744,127,487,413,120,1158,1117,596,347,108,362,861,51,10,715,374,1415,80,549,275,63,143,188,1200,2853,5399,683,59,1348,54,1419,68,8668,570,757,132,1136,114,9236,183,328,324,19125,202,46,722,1848,2191,270,1145,195,79,38,596,138,700,417,785,44,223,267,148,13927,2596,1091,131,1413,908,1817,1889,212,399,101,100,96,4272,252,1807,318,104,4185,363,13,581,128,28,4122,76,3610,1418,186,670,2276,888,138,82,4380,77,256,327,1991,88,312,285,1412,22,733,548,485,560,1850,2047,592,1400,1052,304,1422,281,740,698,179,182,1051,173,62,114,161,3231,2102,1936,2040,743,439,445,165,5609,505,812,540,7,665,358,28,6278,3458,207,562
B_458,74,273,10,28,37,48,52,173,16,24,27,36,230,211,12,44,62,129,13,226,146,37,48,26,62,28,418,617,55,39,147,39,183,47,229,52,26,42,43,54,97,152,174,291,39,62,116,23,4,16,36,55,21,70,15,257,19,11,67,217,47,61,95,85,146,40,62,104,45,43,129,195,64,133,18,5,155,12,50,8,14,39,16,126,9,0,91,32,17,112,29,98,44,37,16,350,39,159,68,17,640,23,24,46,89,72,79,38,25,93,37,762,60,79,42,15,44,217,68,255,71,86,46,77,160,51,14,9,237,60,24,37,40,120,12,126,13,19,78,14,133,38,92,409,12,37,224,9,157,67
B_459,12,6,23,355,36,214,10,498,1082,4,93,6,5,36,1024,189,324,784,14,75,31,24,132,2,21,134,96,39,380,1723,30,37,484,75,6,79,605,51,45,11,62,3,52,2,2,7,1054,1,427,210,26,158,23,189,33,517,20,17,16,92,971,2,183,108,55,9,399,8905,189,525,4,110,432,377,103,2659,2,161,78,12,83,16,43,587,1085,2,26,110,134,200,563,6,43,260,4,260,42,13,7,15,10,1,154,41,287,461,307,66,4,3,31,100,10,5,303,2215,181,3743,76,199,1,607,228,192,28,8,34,8,109,5,12,174,880,163,27,14,341,160,1,979,44,5,46,26,24,13846,411,45,3,81
B_460,1176,1291,1413,417,1449,488,1012,907,135,1486,1316,1435,1242,438,1555,1664,713,319,687,816,495,1113,538,583,637,2071,2296,506,815,354,693,2756,1949,1336,187,392,1427,898,1480,1090,437,492,1504,1495,1223,607,2496,914,708,788,967,1103,816,852,1599,1056,984,360,1277,840,1328,5293,585,1524,1480,1201,1142,442,2034,656,981,656,2082,380,1006,214,569,1191,1157,2287,515,786,717,875,511,457,536,917,790,1755,819,3039,874,1857,1935,978,960,3140,965,1249,1522,332,1283,2212,904,520,1230,556,300,1118,1035,1358,1455,1195,676,861,1761,866,1189,1158,670,1582,826,1229,593,1325,1232,564,1480,531,903,585,1383,2571,2670,1662,669,685,923,1503,932,921,928,912,1544,1120,1208,247,1188,872
B_461,1009,907,1950,228,279,1305,2183,776,437,1048,847,166,947,8112,406,264,293,504,254,797,217,359,429,773,1037,550,606,1443,345,466,681,1619,734,5843,131,504,286,653,162,3654,779,513,213,362,305,459,363,342,1331,298,630,674,1423,221,468,274,1780,705,652,1423,118,779,252,4376,529,614,654,261,886,118,990,775,520,386,471,258,587,397,477,1231,1532,1362,131,1006,399,310,439,950,1078,2467,191,532,1196,2088,551,425,2587,1216,240,119,921,1035,838,343,583,200,1387,901,1402,1430,395,707,529,1074,216,377,367,1135,741,220,1246,1189,402,343,478,1691,687,281,471,995,392,231,1702,819,639,2116,693,1343,907,732,139,500,1440,202,512,1879,327,169,221,384
B_462,481,419,156,162,170,99,112,505,42,172,136,221,143,106,140,127,283,99,100,127,199,98,27,190,209,161,126,142,68,79,49,240,363,179,57,50,134,111,109,710,165,155,144,345,217,283,213,77,102,426,236,162,237,544,200,146,160,72,158,316,177,176,248,166,62,246,265,136,217,232,160,270,342,176,225,70,189,45,289,437,183,181,69,279,146,31,111,306,185,145,119,361,70,427,230,124,212,255,161,297,105,103,108,571,170,53,373,83,214,684,488,238,506,101,143,79,133,88,146,23,89,163,217,413,357,206,200,68,338,130,175,87,144,160,230,276,73,181,218,352,117,186,198,190,481,130,141,57,337,308
B_463,25,67,60,90,2,13,97,54,9,12,7,66,170,1,11,14,6,179,12,26,4,21,1,7,13,21,306,4,50,1,185,26,55,10,56,3,44,43,19,690,9,160,5,84,63,22,32,8,33,18,181,46,2,11,27,14,4,10,31,25,49,12,7,9,70,2,23,46,129,1,58,50,20,12,15,28,22,24,17,2,42,19,2,32,17,2,20,3,32,30,14,75,23,20,25,7,37,17,77,125,36,43,9,7,16,3,31,30,58,21,313,23,10,6,1,6,2,0,139,48,64,3,28,13,30,2,39,4,16,137,17,1,37,23,170,114,5,4,26,606,8,21,151,36,13,4,3,112,25,11
B_464,48,2914,1912,47,193,22232,1650,5736,514,1349,52,23422,2132,225,324,7,746,643,25722,997,54272,710,14,5304,172,323,608,1004,250,958,2962,253,760,595,212,157,78,124,83,352,137,1339,447,154,123,3910,532,2385,660,2322,6733,288,1913,254,478,51,25,300,240,1637,939,1972,2373,1099,67,244,119,1054,214,273,648,1365,6825,121,23,103,225,5004,9878,217,1073,37,4115,75,66,109,2932,10089,491,4798,439,1270,885,264,1306,266,83,3807,4190,152,106,145,20,607,134,139,3971,366,5547,83,225,801,13643,3502,10,257,66121,5,105,31,2970,278,3093,628,4451,550,4547,66763,805,42,56,104,388,363,6488,2667,20334,16115,1155,3394,796,80,130,176,3804,71,2459,42984,263,1779
B_465,2967,344,715,4614,527,594,7492,320,123,1304,1335,1563,734,524,5492,159,234,1142,29832,2564,117,951,2105,374,779,939,112,1178,594,1687,348,9723,7475,734,138,1538,1686,291,303,2318,669,141,1093,163,350,260,570,517,1781,919,564,1703,718,734,1939,1487,436,2146,3082,929,76,4674,10913,529,1257,104,688,233,1502,331,616,7121,140,112,244,212,250,233,4059,526,160,367,67,2174,268,222,372,176,6801,1305,118,279,1195,484,860,867,623,1971,107,3407,2838,1388,356,627,2292,156,128,241,1607,2121,1746,577,275,1314,1221,104,418,107,542,964,436,1949,778,343,2175,8884,1645,17,174,542,2831,176,211,2601,471,1301,513,607,23,90,8786,505,214,661,880,198,426,148,378,643
B_466,8,66,1913,8,75,149,1580,108,72,377,5,1266,31,48,224,7,119,24,8,148,155,187,38,332,80,36,1532,227,119,7,767,141,105,252,8,303,1447,2,808,67,46,18,1814,1338,13,21,11,373,537,421,2445,15,15,1455,10,38,537,0,201,3087,95,8,66,13,38,817,282,0,3,6,37,221,771,281,384,143,37,59,6,997,313,309,376,4,35,56,33,6,28,2118,463,0,122,541,654,8,48,125,551,6,68,1650,170,14,221,182,1160,5524,111,43,676,7,2405,289,66,51,71,20,57,2856,140,30,10,23,858,316,615,408,4845,5,123,223,149,28,150,9,26,241,444,1387,281,237,310,110,182,272,36,53,108,22
B_467,236,26,12,61,145,44,14,379,107,113,63,124,428,71,137,109,133,28,31,1018,194,110,90,88,224,23,47,119,87,15,12,19,61,73,30,15,56,62,37,213,34,88,78,41,96,32,107,6,25,129,49,75,47,44,242,193,105,202,127,738,44,168,23,48,20,152,66,5,25,125,230,55,92,7,907,78,48,127,247,49,54,34,5,34,74,17,37,39,141,159,82,99,51,30,195,138,200,87,346,81,112,66,254,710,91,93,53,112,19,133,176,26,175,311,75,19,67,210,452,413,11,82,170,34,50,59,133,34,41,18,163,32,189,186,36,172,13,36,18,39,64,179,305,22,51,35,26,33,34,60
B_468,70,162,79,411,3844,84,103,189,23,2425,106,10392,27,1465,121,514,102,864,130,910,375,1755,82,2151,1602,194,916,7,838,70,5197,81,28,319,1935,1190,4104,86,4750,20,1797,230,9624,7041,2146,217,169,138,1770,494,954,296,6244,1337,4303,1221,8,1910,2381,387,118,3620,17,59,500,6,2150,39,432,1400,64,264,35,38,1437,273,22,654,30,204,1987,2928,599,7174,1111,228,31,2938,279,1612,662,118,93,321,72,1251,1620,80,10017,297,111,449,195,178,1022,53,153,897,25,581,5,7,946,1048,1862,852,75,173,4356,2157,322,19,1559,372,1163,619,139,17,10462,3435,233,1338,5931,1719,64,9233,900,6307,172,573,50,193,7,507,283,926,2323,18,3671,451
B_469,248,242,717,121,679,122,562,1370,614,826,440,675,701,196,1115,508,1962,910,221,614,292,721,479,403,1541,583,543,808,1519,380,1058,659,796,430,479,175,996,566,156,645,254,254,394,846,279,701,1187,301,539,307,329,578,742,812,789,720,453,607,492,211,363,1137,301,871,506,671,563,297,313,178,1018,898,798,1583,1813,148,446,292,596,618,1072,297,652,518,864,294,247,235,241,1031,700,986,368,767,474,1917,1237,687,586,904,458,549,170,723,943,363,525,1471,375,1165,562,1137,1826,535,985,820,642,510,1330,712,268,246,1275,2149,445,746,2380,219,900,679,697,146,782,224,404,623,922,1093,317,803,496,369,454,747,166,393,207,53,399,889
B_470,493,1041,122,270,289,301,11,2223,29,26,861,411,3196,117,205,383,112,229,230,409,59,109,151,2070,907,182,637,195,3870,233,668,148,791,856,76,188,196,2060,176,878,275,103,854,1498,340,483,338,964,226,559,178,552,100,1383,476,190,763,245,206,189,1722,885,729,347,508,745,1064,163,208,1712,1157,642,382,407,138,39,541,864,238,143,367,716,502,264,262,471,332,400,372,788,710,1470,708,217,741,2702,139,361,176,613,250,132,778,763,101,1030,2680,1851,406,1041,924,122,202,47,126,437,37,95,365,531,516,515,355,467,1203,407,1218,245,6648,79,81,169,335,268,33,3921,57,249,620,154,267,283,89,178,281,333,294,166,49,177
B_471,228,34,440,67,48,1283,29,369,6,112,51,580,4,3,48,131,537,33,29,149,25,43,863,16,3,219,581,11,72,31,58,16,864,39,7,686,683,19,121,79,2042,4,1239,57,1,162,370,1021,218,63,49,2240,68,111,15,35,14,28,27,9458,5,560,9,525,5,20,206,1129,464,28,17,13,58,35,172,40,146,655,154,494,817,226,49,14,1,1,12,147,2944,779,302,8,52,36,2635,21,64,2165,193,69,151,212,58,6,957,5312,14,10,462,748,22,25,1381,10,15,93,73,32,228,10,2,626,4,768,1614,3,66,192,545,7,170,321,48,288,299,807,15,2986,16,285,35,1,31,23,0,402,265,2,696,276
B_472,459,572,1835,513,425,241,520,681,208,902,634,360,1061,695,509,1320,740,571,1065,580,704,418,396,718,1236,1269,671,724,606,194,791,1230,2241,1428,220,508,911,418,266,1335,1178,717,1104,372,622,716,857,253,584,1470,769,577,897,672,398,626,518,493,1336,1081,888,1152,783,1148,686,368,1443,497,897,1023,537,1622,730,340,1323,234,443,948,521,2562,1245,649,483,1767,732,210,391,756,626,675,623,936,536,691,738,835,594,1388,917,936,410,401,624,746,884,295,1378,514,411,1203,1003,1424,903,590,1246,499,1013,595,1388,840,726,827,1907,981,691,1105,1218,352,963,675,1032,305,1248,699,1105,845,767,269,387,978,1556,1956,650,423,771,818,601,279,569,1560
B_473,525,2,100,2424,441,147,4258,195,19,54,211,51,119,10,853,24,1,50,199,529,98,24,107,43,2619,159,190,1821,2321,76,135,1214,477,548,57,2,90,1419,239,18,258,707,252,71,75,35,75,51,669,30,289,2,57,260,119,281,1101,1,376,73,951,601,81,146,78,121,105,79,21,92,32,545,563,56,6,178,285,65,16,389,113,40,12,383,192,216,10,37,88,451,4692,46,537,94,175,90,23,38,7,30,517,10,179,302,28,22,182,90,63,174,233,650,347,111,17,29,33,428,112,102,134,134,141,224,50,1014,635,114,31,28,38,15,162,86,866,1702,343,485,455,61,297,1383,542,3834,35,102,2732,368,231,355
B_474,15,11,23,20,19,31,11,67,4,50,35,34,48,8,28,17,46,13,51,13,3,19,14,32,34,85,31,17,29,21,17,58,94,6,10,16,59,22,23,5,24,22,14,38,37,5,29,15,33,39,22,15,32,51,16,39,32,14,75,10,47,44,22,14,6,18,15,23,33,17,46,14,47,17,53,13,20,32,22,13,83,19,16,18,85,4,32,50,20,16,25,58,20,164,39,20,38,26,20,51,16,35,17,51,48,18,35,33,25,19,154,9,62,40,61,28,25,26,23,29,19,30,19,39,41,32,9,10,16,5,12,7,52,13,18,22,50,6,19,26,132,9,35,22,34,67,18,17,13,21
B_475,41,23,61,40,149,6,23,33,13,10,106,67,35,21,28,27,120,51,43,27,75,25,21,25,32,247,74,105,66,15,64,217,58,12,8,44,58,27,31,64,55,32,26,15,151,17,71,20,56,49,113,33,60,65,34,15,10,33,42,9,26,31,42,70,15,54,85,31,43,54,40,129,27,115,61,36,34,83,108,111,48,33,56,50,53,10,21,119,77,59,16,78,20,44,193,76,39,25,54,61,66,71,47,248,35,6,51,50,42,44,40,29,34,30,42,17,62,87,259,52,49,23,32,214,109,27,92,15,56,56,31,21,45,42,38,42,46,37,63,15,72,55,79,48,52,48,45,16,37,58
B_476,413,164,675,216,322,339,429,401,76,135,194,434,789,476,525,455,492,186,543,661,183,166,197,148,654,630,519,807,457,610,131,113,1066,638,348,200,329,241,73,241,249,297,341,590,962,756,498,470,3654,507,186,808,184,782,167,309,286,922,340,322,631,185,631,1085,267,449,709,230,296,928,407,78,1086,279,253,511,108,262,1182,653,447,284,816,135,310,39,341,193,186,1706,143,2790,448,196,124,1930,132,460,478,408,418,283,388,1343,446,64,452,642,489,200,1180,112,1034,124,175,264,605,130,1077,778,265,1328,1049,580,937,357,543,146,44,231,844,198,522,1019,754,158,228,100,2167,382,490,173,386,276,437,309,136,207,333,353
B_477,230,142,25,231,74,62,87,132,27,219,273,271,167,39,78,88,958,224,13,547,89,294,44,53,57,126,454,73,98,858,69,102,67,416,54,17,99,264,77,121,45,245,45,145,39,98,46,151,293,443,31,119,148,73,38,121,134,286,191,83,190,105,52,80,91,38,310,159,38,195,47,381,25,37,159,54,304,16,87,199,327,24,126,132,85,1,61,19,224,250,519,132,81,252,419,108,144,658,15,45,207,102,87,258,349,15,326,58,22,49,112,89,356,186,244,177,111,270,44,76,121,237,249,135,96,50,295,45,121,67,329,141,177,134,178,247,321,102,61,75,32,106,26,94,79,262,192,37,227,33
B_478,118,59,154,47,68,38,31,14,1,25,26,95,30,24,33,37,227,73,3,11,11,15,18,107,201,32,1,61,28,5,8,11,11,10,2,12,108,47,61,0,45,17,5,42,53,94,280,38,19,27,127,99,453,15,15,82,315,40,172,64,70,15,58,94,26,93,37,108,19,2,11,119,13,101,64,32,160,14,16,115,44,15,366,35,40,2,163,44,88,41,11,41,13,67,63,57,48,101,52,9,173,7,19,23,36,23,14,56,86,3,40,3,64,7,214,6,164,67,33,41,98,1,263,53,68,49,57,3,86,10,15,67,67,95,239,239,103,63,12,35,34,151,28,20,23,170,136,103,117,110
B_479,734,148,203,3210,2765,353,637,961,31,1413,942,1390,1311,241,406,1476,29,243,5561,99,2421,26,1569,55,8325,1184,25,5773,1196,140,133,64,191,1890,331,287,77,233,33,395,202,66,723,51,148,30,169,161,703,612,426,253,77,3948,408,1561,1124,301,1586,7855,5033,4957,144,80,7934,42,260,540,3195,487,670,89,74,66,2431,80,324,1107,1329,6145,281,23,100,233,1661,118,2245,85,5446,290,10363,91,104,121,226,347,26,15,53,1033,1690,24,1074,78,1647,68,54,83,461,344,1103,988,534,367,418,649,837,388,1279,366,197,937,67,2462,2085,18,1186,45,3362,119,3,895,287,937,6,573,105,489,92,26,164,66,615,39067,4218,2810,527,21,75,450
B_480,1755,3,930,1,4,9,136,30,4,509,31,7,11,18,5,1,88,66,1,10,6,3,12,11,93,22,44,3,24,40,94,120,359,86,63,3,80,13,32,185,338,225,443,79,488,11,119,709,5,11,8,44,72,6,1,1,19,76,4,37,7,19,55,213,36,51,20,3,14,440,63,12,41,12,7,18,24,26,66,32,66,2,83,36,40,8,3,146,5,135,54,216,2,14,4,14,50,170,3,16,267,1,18,86,35,6,22,19,36,14,4,6,8,31,63,148,7,499,196,8,63,240,57,12,1,23,4,3,19,0,9,16,87,98,16,5,5,0,80,4,34,16,19,160,15,588,37,22,122,3
B_481,13,241,125,100,89,259,92,211,15,18,116,202,135,49,196,1009,650,56,119,151,112,417,46,125,58,74,50,191,549,126,213,340,973,70,58,46,256,198,84,207,74,74,255,126,61,222,943,8,611,365,220,28,847,872,34,222,40,59,1136,121,612,71,327,37,55,54,249,313,61,509,55,165,75,81,782,9,170,51,272,51,351,89,222,73,52,62,110,132,1323,28,19,234,47,88,529,3065,268,390,110,140,106,475,165,125,164,313,74,297,97,342,1062,257,95,519,1424,99,218,205,565,21,287,229,98,32,43,573,57,118,88,28,188,213,626,413,62,107,321,131,59,91,281,28,2820,8,65,1809,101,67,18,171
B_482,151,104,334,403,165,435,55,16,34,187,511,28,724,18,1766,10,269,72,3182,84,23,16,526,14,1651,7,27,92,299,369,107,155,583,406,12,1706,623,4899,177,34,1742,107,313,11,37,33,26,34,953,27,339,1276,639,18,466,120,458,108,172,25,417,57,289,116,126,75,72,62,977,1713,245,606,7,265,89,3,169,10,907,205,63,48,6,1982,86,9,1218,88,873,324,113,36,4292,323,163,136,567,11,33,27,234,118,290,129,5969,219,2,187,179,36,120,162,8,4272,400,49,657,332,33,3717,221,425,325,248,3369,179,13,88,134,359,1028,2075,288,146,315,122,23,351,1,40,1926,57,62,128,15,116,81,1018,2,8
B_483,304,125,1924,273,183,1224,72,16,85,304,635,179,1796,30,79,5,102,410,58,793,67,15,127,7,14,466,66,54,1,79,765,55,1310,183,26,262,87,26,1329,92,475,243,34,11,66,217,25,8,39,9,140,49,893,900,140,9,311,58,98,14,62,371,87,40,26,239,91,45,18,128,26,13,170,316,50,30,42,382,303,93,118,107,69,15,55,7,275,277,35,60,409,437,165,114,155,21,214,422,43,11,423,11,203,169,1178,348,27,22,3,252,3995,46,213,38,27,62,8491,57,5563,44,228,875,196,116,290,204,837,306,230,79,71,42,17,53,23,814,37,45,347,19,127,2896,254,19,33,102,3,75,29,253
B_484,260,102,85,21,56,50,38,58,42,39,82,265,75,155,44,49,151,58,35,18,51,98,99,184,194,124,105,42,42,92,155,79,45,242,54,53,44,124,53,148,116,43,82,196,50,221,127,46,116,50,342,46,60,75,48,74,173,21,43,44,219,153,56,247,52,44,80,71,158,29,92,98,184,123,80,61,33,35,97,194,181,80,43,115,13,17,22,131,64,407,70,131,219,181,68,167,82,108,100,68,27,59,254,32,54,14,174,37,81,34,276,31,146,81,199,74,50,16,126,58,54,56,109,107,79,135,264,52,61,142,130,57,281,171,64,137,266,50,117,110,302,191,122,108,180,151,28,10,83,128
B_485,13,20,4,9,24,2,139,5,10,141,32,249,1619,5,14,21,24,0,42,164,25,37,8,113,77,29,8,473,21,4,1,4,54,3,26,70,581,2,568,19,14,66,95,508,2,21,5,1,372,66,341,2,52,105,1,11,112,8,39,258,28,2,121,13,0,329,133,45,18,14,47,11,83,10,9,50,18,9,89,63,10,251,21,2,114,11,1,11,19,205,259,1071,3,2,664,395,359,679,7,4,144,1,13,168,5448,113,561,1322,16,33,108,1165,41,2,48,9,59,12,7,2,12,3,2,2336,103,4623,8,15,118,28,14,7,353,197,111,199,7,33,29,25,1,52,1,57,14,1,318,5,11,441
B_486,1986,683,499,361,238,983,1500,1464,436,3213,597,2480,1418,3935,492,946,869,468,1144,543,301,333,346,1038,492,227,577,837,716,648,477,1386,942,2858,445,3520,1338,763,826,488,1294,308,1258,3310,2907,177,5650,285,331,137,699,117,1906,1047,746,1893,1140,396,572,99,3893,935,383,549,437,1018,1759,632,370,674,802,826,3986,475,2724,174,441,446,512,1410,716,731,314,1307,674,109,833,262,196,246,675,714,1391,1617,705,291,3317,1842,323,664,1094,251,45,2144,807,1127,587,2221,274,639,3916,1165,409,224,198,148,2290,330,95,310,888,381,4621,1032,337,509,1164,295,1144,230,2091,191,778,1454,101,231,376,730,345,168,216,698,946,201,658,4496,1084,137,330,448
B_487,483,39,131,73,48,109,62,1395,44,473,76,100,41,110,164,41,312,123,217,69,133,91,141,56,189,206,143,43,130,201,49,485,33,157,67,10,280,44,11,67,346,366,249,93,127,216,323,73,604,173,198,169,63,76,35,250,317,56,488,226,82,223,33,48,253,416,84,119,263,74,70,97,431,109,36,7,527,46,1737,38,247,31,117,82,652,41,160,129,18,131,90,130,46,33,77,30,67,499,20,28,121,126,58,211,515,126,61,48,20,69,551,65,15,246,168,271,72,91,291,137,589,12,75,476,14,19,96,52,95,31,109,80,387,98,176,288,70,972,246,178,160,285,2115,69,90,66,278,31,8,95
B_488,38,23,45,7,32,12,133,18,23,79,100,12,116,42,199,122,150,263,86,160,15,11,18,54,243,155,13,32,17,64,51,19,508,246,11,3,249,265,18,5,38,65,26,94,383,84,210,28,108,136,65,12,29,277,71,131,138,17,21,28,122,58,197,1310,18,69,27,160,20,365,9,78,60,135,64,6,75,159,42,50,56,62,157,40,25,5,108,8,34,134,53,1626,41,53,38,191,64,120,10,97,241,15,96,77,439,55,89,133,422,12,650,30,29,18,27,23,57,36,14,10,159,128,70,390,102,31,134,80,5,45,435,19,251,13,104,203,16,37,11,37,21,25,50,11,10,7,70,19,50,110
B_489,30,67,56,18,37,38,44,76,0,25,36,60,14,15,64,37,56,53,15,18,20,20,28,17,70,43,32,22,20,17,25,63,44,63,22,35,31,39,38,41,20,36,20,50,89,23,67,18,45,26,148,20,35,21,44,23,18,40,41,38,55,133,16,57,19,14,40,48,52,27,46,17,82,49,62,25,31,65,32,53,97,23,23,19,94,6,25,52,60,34,23,45,31,47,38,25,33,87,30,19,49,16,28,31,14,16,46,25,25,50,54,36,43,20,63,33,21,69,76,44,23,49,30,44,48,41,66,10,44,24,39,19,34,73,71,45,31,21,14,67,51,34,63,15,38,60,38,19,83,35
B_490,1241,1831,652,215,389,153,434,732,33,104,77,124,1122,388,656,1768,4025,259,19,896,122,95,362,78,536,272,295,243,176,49,48,952,1145,737,112,37,6276,157,47,508,134,345,254,11,1542,1580,984,13,529,308,284,35,382,166,18,79,31,119,872,42,138,1270,474,50,143,872,86,44,107,98,59,165,776,586,489,16,74,2720,13,219,1731,39,135,50,160,29,27,3884,196,184,78,261,38,74,103,27,344,605,746,288,288,482,94,55,1207,25,741,206,142,120,167,544,9,343,136,31,21,4983,65,71,54,417,122,439,178,1921,535,83,2092,604,259,12,114,352,688,182,1127,112,231,171,459,418,184,74,114,157,214,72,80,636
B_491,55,34,98,150,421,7,93,204,2,22,305,675,90,129,108,1193,8045,3,23,397,137,325,6,73,1070,57,335,471,672,41,3835,917,23,337,679,27,377,116,51,3239,62,9,888,20,2067,18,1365,200,559,16,1377,16,347,65,205,749,868,170,118,8650,132,258,39,661,38,55,575,136,191,394,160,69,170,313,95,47,12,603,156,279,472,145,100,189,87,78,47,90,26,664,1798,1091,6,172,7,2,1007,198,0,55,75,49,389,392,41,84,401,20,173,34,1456,724,81,6301,60,46,559,5,5140,351,53,189,1112,319,67,1824,232,75,100,1711,2552,4,26,1088,4120,143,387,14,7,427,168,2450,16,11,923,710,2972,43,47,1753
B_492,10,1546,78,139,4,4,154,51,80,59,125,25,11,9,97,13,14,44,19,149,10,130,123,89,19,84,224,26,4,35,200,3,614,273,3,15,15,47,24,98,54,102,68,109,570,82,268,150,2,1,39,26,49,654,11,18,64,12,4,31,273,20,28,5,138,42,5,4,186,105,57,4,97,758,12,47,6,16,128,70,2209,54,72,1103,37,52,72,14,58,60,135,139,93,732,107,19,66,5,0,20,24,18,24,47,17,10,1,103,44,14,58,8,511,66,38,0,14,2,9,1,17,6,1,12,10,32,126,17,45,540,38,7,246,50,1989,78,1,23,98,29,89,2,157,1055,28,31,518,10,12,10
B_493,58,17,53,17,43,14,172,64,9,35,58,175,6,24,44,193,235,27,56,80,23,26,26,32,20,47,88,23,37,95,52,46,9,142,41,57,82,114,34,12,99,82,76,110,104,46,227,23,16,52,198,86,61,100,67,25,77,344,217,16,69,276,10,29,56,23,173,20,56,11,196,216,18,103,25,18,26,127,107,69,37,92,65,27,12,27,19,104,206,28,129,59,93,37,342,56,91,32,50,270,85,31,25,143,150,51,47,59,80,115,44,119,33,25,119,20,92,52,69,61,90,87,43,46,46,222,267,14,4,114,18,29,49,50,46,9,119,42,19,54,139,77,19,68,143,43,9,1,47,22
B_494,8,204,806,100,265,820,39,1490,20,253,278,295,296,79,973,585,22,692,90,386,241,424,143,242,44,83,220,26,52,937,548,635,520,265,89,17,727,1648,354,26,271,575,779,68,2702,300,1961,81,14,356,162,28,48,1141,133,106,567,71,1826,99,91,253,143,222,647,372,48,69,1230,224,167,223,147,1129,270,572,448,403,165,185,54,215,133,345,85,46,323,101,519,225,51,25,342,246,959,129,22,1527,321,1711,95,341,172,153,44,534,50,177,431,134,84,247,795,236,664,168,43,166,754,285,233,57,132,169,317,250,1038,196,227,1030,197,11,540,1418,666,80,14,1444,220,141,254,212,944,149,547,89,222,254,591,493
B_495,1,8,21,194,222,48,70,509,0,446,20,4,222,4,7,30,7,247,2,488,6,207,0,132,591,511,98,1,6,0,37,2,47,6,34,0,55,42,130,132,17,5,785,1,9,332,1,139,1,121,2,1,30,34,38,22,15,7,2,0,381,7,0,5,6,1,145,1307,19,64,28,29,18,5,450,4,31,26,39,71,30,74,92,366,13,13,758,22,9,16,3,83,18,0,128,34,44,9,18,6,2,59,29,1109,56,32,149,342,108,2,500,29,7,2195,0,989,8,1,1,4,111,1,14,315,6,107,364,14,0,7,4,1,8,7,9,21,3,0,0,3,6,156,2,135,146,46,0,5,7,109
B_496,48,498,195,9,62,2,66,2,66,35,9,7,416,129,45,66,47,20,22,42,2,114,29,1,0,242,10,188,121,0,6,19,59,64,2,12,0,9,3,252,80,6,316,0,8,8,12,21,12,20,9,128,22,10,57,59,2,9,76,116,376,169,38,866,1,21,244,21,32,11,96,36,39,43,197,27,74,1,4,22,2,2,33,221,14,1,15,1123,2,11,81,4,35,23,11,28,48,13,29,60,37,74,19,37,31,7,105,366,7,413,28,4,114,28,128,42,3,481,5,11,52,130,149,63,43,1,718,1,385,9,11,5,135,11,6,59,37,47,5,8,45,40,1,118,57,33,116,6,11,75
B_497,350,472,56,35,54,73,35,305,11,46,9,22,394,36,7,187,134,226,70,43,23,73,29,225,26,27,170,158,46,595,25,501,1476,121,194,82,33,21,189,29,267,6,67,53,27,18,32,305,47,51,40,73,92,159,36,123,148,42,170,403,33,89,73,38,338,21,53,11,268,43,479,218,241,117,32,13,948,335,32,11,508,1564,153,37,122,26,16,74,302,1922,446,46,33,40,70,46,12,48,125,11,17,47,80,61,119,6,20,89,296,529,331,3,60,110,7,285,211,82,2539,216,24,15,164,238,95,91,202,79,95,48,15,28,49,34,172,36,169,194,8,240,77,45,315,191,478,270,32,12,319,177
B_498,207,150,448,94,65,30,790,257,54,90,138,299,149,437,42,393,514,84,58,411,220,651,43,92,284,114,51,303,159,234,31,197,360,203,79,65,91,66,71,160,134,239,193,233,67,1672,282,65,71,115,123,70,208,304,152,313,95,325,153,404,372,573,493,98,186,208,829,344,108,96,696,209,803,32,299,5,119,163,340,307,220,479,487,257,248,55,71,365,516,273,139,329,351,336,239,208,392,2787,363,394,116,109,1253,234,281,61,405,298,307,75,131,331,397,82,112,57,566,156,1429,52,101,107,435,195,115,133,167,77,293,129,581,78,148,507,817,544,417,183,106,531,336,79,129,481,163,180,1506,459,65,631
B_499,257,150,110,35,0,11,5331,3075,3,52,1641,0,11,22,13,135,41,152,124,24,137,3,21,17,3,1027,105,39,67,487,64,34,137,415,37,177,13,15,1189,12,11,3168,343,170,89,6,27,589,4,482,80,13,2,51,43,2,12,281,22,5,55,17,17,22,6,553,319,7,503,83,3352,32,258,56,357,6,44,38,26,6,264,34,307,239,1094,4,330,127,87,86,403,65,578,7,799,19,19,216,101,1871,39,113,206,876,272,24,399,30,27,626,18,20,1284,9,40,161,37,31,376,24,37,2432,84,112,8,534,28,26,60,25,24,29,59,186,110,10,101,40,10,6009,119,83,18,102,38,246,91,4,16,1423
